round,player_Novice,player_Average,player_Expert,landmark_Glucksman Gallery,landmark_Honan Collegiate Chapel,landmark_Boole Library,landmark_The Quad / Aula Maxima,landmark_Brookfield Health Sciences Complex,landmark_Student Centre,landmark_Geography Building
1,0.00026989796308960623,0.0,0.0,0.0,0.0,0.0,-0.00026989796308960623,0.0,0.0,0.0
2,0.00026989796308960623,0.0,0.008220571386503863,-0.008220571386503863,0.0,0.0,-0.00026989796308960623,0.0,0.0,0.0
3,0.00026989796308960623,-0.004369246786522634,0.008220571386503863,-0.008220571386503863,0.0,0.0,-0.00026989796308960623,0.004369246786522634,0.0,0.0
4,0.00026989796308960623,-0.004369246786522634,0.018028086596596223,-0.008220571386503863,-0.009676748340624463,0.0,-0.00026989796308960623,0.004369246786522634,0.0,0.0
5,0.00026989796308960623,-0.004369246786522634,0.025614168769632267,-0.008220571386503863,-0.017162720924866773,0.0,-0.00026989796308960623,0.004369246786522634,0.0,0.0
6,0.00026989796308960623,0.0018649194912761556,0.025614168769632267,-0.008220571386503863,-0.017162720924866773,0.0,-0.0065040642408883955,0.004369246786522634,0.0,0.0
7,0.00026989796308960623,0.0018649194912761556,0.03306453442231224,-0.008220571386503863,-0.02451576685204004,0.0,-0.0065040642408883955,0.004369246786522634,0.0,0.0
8,0.00026989796308960623,0.01027900038040171,0.03306453442231224,-0.008220571386503863,-0.02451576685204004,0.0,-0.0065040642408883955,-0.0039337978445352795,0.0,0.0
9,0.00026989796308960623,0.018778640616962286,0.03306453442231224,-0.008220571386503863,-0.02451576685204004,0.0,-0.014892678697871257,-0.0039337978445352795,0.0,0.0
10,0.00026989796308960623,0.010323700163355343,0.03306453442231224,-0.008220571386503863,-0.02451576685204004,0.008019492876597147,-0.014892678697871257,-0.0039337978445352795,0.0,0.0
11,0.00026989796308960623,0.010323700163355343,0.043373239407037766,-0.008220571386503863,-0.02451576685204004,0.008019492876597147,-0.014892678697871257,-0.013976280892782961,0.0,0.0
12,0.00026989796308960623,0.010323700163355343,0.05150904163935142,-0.008220571386503863,-0.02451576685204004,0.00029854741533631626,-0.014892678697871257,-0.013976280892782961,0.0,0.0
13,0.00026989796308960623,0.016946560645247313,0.05150904163935142,-0.008220571386503863,-0.02451576685204004,-0.006070671601291708,-0.014892678697871257,-0.013976280892782961,0.0,0.0
14,-0.0006815928352273566,0.016946560645247313,0.05150904163935142,-0.008220571386503863,-0.02451576685204004,-0.006070671601291708,-0.014892678697871257,-0.013976280892782961,0.0009388042543394033,0.0
15,-0.0006815928352273566,0.016946560645247313,0.05935989433289121,-0.008220571386503863,-0.02451576685204004,-0.006070671601291708,-0.014892678697871257,-0.013976280892782961,-0.006417246798851242,0.0
16,-0.0006815928352273566,0.016946560645247313,0.07002413180896619,-0.008220571386503863,-0.02451576685204004,-0.006070671601291708,-0.014892678697871257,-0.0241073064950542,-0.006417246798851242,0.0
17,-0.002281751724191378,0.016946560645247313,0.07002413180896619,-0.0066415289638164935,-0.02451576685204004,-0.006070671601291708,-0.014892678697871257,-0.0241073064950542,-0.006417246798851242,0.0
18,-0.002281751724191378,0.02115903850505121,0.07002413180896619,-0.0066415289638164935,-0.02451576685204004,-0.006070671601291708,-0.014892678697871257,-0.0241073064950542,-0.006417246798851242,-0.003894332678783744
19,-0.002281751724191378,0.029809755014931508,0.07002413180896619,-0.0066415289638164935,-0.02451576685204004,-0.006070671601291708,-0.023110859382257543,-0.0241073064950542,-0.006417246798851242,-0.003894332678783744
20,-0.0005858486768825098,0.029809755014931508,0.07002413180896619,-0.0066415289638164935,-0.02451576685204004,-0.007766574648600576,-0.023110859382257543,-0.0241073064950542,-0.006417246798851242,-0.003894332678783744
21,-0.00016847568504896072,0.029809755014931508,0.07002413180896619,-0.007048123313106278,-0.02451576685204004,-0.007766574648600576,-0.023110859382257543,-0.0241073064950542,-0.006417246798851242,-0.003894332678783744
22,-0.00016847568504896072,0.029809755014931508,0.08129371577727376,-0.007048123313106278,-0.02451576685204004,-0.007766574648600576,-0.023110859382257543,-0.0241073064950542,-0.016852046769506402,-0.003894332678783744
23,-0.00016847568504896072,0.029809755014931508,0.08793920541050027,-0.007048123313106278,-0.02451576685204004,-0.007766574648600576,-0.023110859382257543,-0.030345929416042347,-0.016852046769506402,-0.003894332678783744
24,-0.001618666143439954,0.029809755014931508,0.08793920541050027,-0.007048123313106278,-0.02451576685204004,-0.007766574648600576,-0.023110859382257543,-0.028895738957651355,-0.016852046769506402,-0.003894332678783744
25,0.0004568924474612163,0.029809755014931508,0.08793920541050027,-0.007048123313106278,-0.02451576685204004,-0.007766574648600576,-0.023110859382257543,-0.028895738957651355,-0.018848897380134635,-0.003894332678783744
26,0.0004568924474612163,0.029809755014931508,0.09843206187510209,-0.007048123313106278,-0.02451576685204004,-0.01749682781698638,-0.023110859382257543,-0.028895738957651355,-0.018848897380134635,-0.003894332678783744
27,0.0013778570613510867,0.029809755014931508,0.09843206187510209,-0.007923039696301655,-0.02451576685204004,-0.01749682781698638,-0.023110859382257543,-0.028895738957651355,-0.018848897380134635,-0.003894332678783744
28,0.0013778570613510867,0.03530836362920017,0.09843206187510209,-0.007923039696301655,-0.02451576685204004,-0.01749682781698638,-0.023110859382257543,-0.028895738957651355,-0.018848897380134635,-0.008918403837300456
29,0.0013778570613510867,0.03530836362920017,0.10844472357443777,-0.007923039696301655,-0.02451576685204004,-0.01749682781698638,-0.023110859382257543,-0.03830683887264777,-0.018848897380134635,-0.008918403837300456
30,0.003984029026942321,0.03530836362920017,0.10844472357443777,-0.007923039696301655,-0.02451576685204004,-0.01749682781698638,-0.025587977440336696,-0.03830683887264777,-0.018848897380134635,-0.008918403837300456
31,0.003984029026942321,0.038980862591995215,0.10844472357443777,-0.007923039696301655,-0.02451576685204004,-0.0209892042148487,-0.025587977440336696,-0.03830683887264777,-0.018848897380134635,-0.008918403837300456
32,0.003984029026942321,0.0374962868664634,0.10844472357443777,-0.007923039696301655,-0.02451576685204004,-0.0209892042148487,-0.025587977440336696,-0.03687643009926374,-0.018848897380134635,-0.008918403837300456
33,0.003984029026942321,0.0374962868664634,0.12006810740255709,-0.007923039696301655,-0.02451576685204004,-0.031783443093538116,-0.025587977440336696,-0.03687643009926374,-0.018848897380134635,-0.008918403837300456
34,0.003984029026942321,0.0374962868664634,0.1354958924212249,-0.007923039696301655,-0.038135608313832704,-0.031783443093538116,-0.025587977440336696,-0.03687643009926374,-0.018848897380134635,-0.008918403837300456
35,0.0011466749427122389,0.0374962868664634,0.1354958924212249,-0.007923039696301655,-0.035471969785779975,-0.031783443093538116,-0.025587977440336696,-0.03687643009926374,-0.018848897380134635,-0.008918403837300456
36,0.0011466749427122389,0.0374962868664634,0.14559078513184234,-0.007923039696301655,-0.035471969785779975,-0.031783443093538116,-0.025587977440336696,-0.03687643009926374,-0.018848897380134635,-0.017610145437561824
37,0.0011466749427122389,0.0374962868664634,0.15438801686634662,-0.007923039696301655,-0.035471969785779975,-0.031783443093538116,-0.025587977440336696,-0.03687643009926374,-0.026533835447057917,-0.017610145437561824
38,0.0011466749427122389,0.0374962868664634,0.1613130782001662,-0.007923039696301655,-0.035471969785779975,-0.031783443093538116,-0.025587977440336696,-0.03687643009926374,-0.026533835447057917,-0.023512186347067133
39,0.0011466749427122389,0.0374962868664634,0.17430068711086202,-0.01900883353496819,-0.035471969785779975,-0.031783443093538116,-0.025587977440336696,-0.03687643009926374,-0.026533835447057917,-0.023512186347067133
40,-0.0008947536171703581,0.0374962868664634,0.17430068711086202,-0.01900883353496819,-0.035471969785779975,-0.031783443093538116,-0.023670355194732692,-0.03687643009926374,-0.026533835447057917,-0.023512186347067133
41,-0.0017384085188617122,0.0374962868664634,0.17430068711086202,-0.01900883353496819,-0.035471969785779975,-0.031783443093538116,-0.023670355194732692,-0.03606326874823593,-0.026533835447057917,-0.023512186347067133
42,-0.0017384085188617122,0.0374962868664634,0.18521886386944067,-0.01900883353496819,-0.035471969785779975,-0.031783443093538116,-0.03312373308383743,-0.03606326874823593,-0.026533835447057917,-0.023512186347067133
43,-0.0017384085188617122,0.0374962868664634,0.19758832764638032,-0.01900883353496819,-0.035471969785779975,-0.031783443093538116,-0.03312373308383743,-0.047058347661071184,-0.026533835447057917,-0.023512186347067133
44,-0.005697513841081232,0.0374962868664634,0.19758832764638032,-0.01900883353496819,-0.035471969785779975,-0.031783443093538116,-0.029400288792702407,-0.047058347661071184,-0.026533835447057917,-0.023512186347067133
45,-0.005697513841081232,0.0277359775718752,0.19758832764638032,-0.01900883353496819,-0.035471969785779975,-0.031783443093538116,-0.029400288792702407,-0.047058347661071184,-0.026533835447057917,-0.01457065133418207
46,-0.007690129358210854,0.0277359775718752,0.19758832764638032,-0.01900883353496819,-0.035471969785779975,-0.031783443093538116,-0.029400288792702407,-0.047058347661071184,-0.026533835447057917,-0.01276533127035967
47,-0.007690129358210854,0.03458390654798558,0.19758832764638032,-0.01900883353496819,-0.035471969785779975,-0.031783443093538116,-0.029400288792702407,-0.047058347661071184,-0.026533835447057917,-0.0191247686154133
48,-0.007690129358210854,0.03458390654798558,0.21182045584457512,-0.01900883353496819,-0.035471969785779975,-0.031783443093538116,-0.029400288792702407,-0.047058347661071184,-0.026533835447057917,-0.03132621510728031
49,-0.007690129358210854,0.03458390654798558,0.22244270811724043,-0.01900883353496819,-0.035471969785779975,-0.031783443093538116,-0.029400288792702407,-0.047058347661071184,-0.03531319093988732,-0.03132621510728031
50,-0.010987776514520715,0.03458390654798558,0.22244270811724043,-0.01900883353496819,-0.035471969785779975,-0.031783443093538116,-0.029400288792702407,-0.047058347661071184,-0.032322698499301014,-0.03132621510728031
51,-0.010987776514520715,0.03458390654798558,0.23232188722826094,-0.01900883353496819,-0.035471969785779975,-0.031783443093538116,-0.029400288792702407,-0.047058347661071184,-0.04060655562469022,-0.03132621510728031
52,-0.010987776514520715,0.04273348057189802,0.23232188722826094,-0.01900883353496819,-0.035471969785779975,-0.031783443093538116,-0.029400288792702407,-0.047058347661071184,-0.04060655562469022,-0.03899514584013632
53,-0.010987776514520715,0.04273348057189802,0.23896506269272347,-0.01900883353496819,-0.035471969785779975,-0.031783443093538116,-0.029400288792702407,-0.047058347661071184,-0.0461858773670858,-0.03899514584013632
54,-0.010987776514520715,0.04892062417984258,0.23896506269272347,-0.024548485369988323,-0.035471969785779975,-0.031783443093538116,-0.029400288792702407,-0.047058347661071184,-0.0461858773670858,-0.03899514584013632
55,-0.010987776514520715,0.04892062417984258,0.251837455240134,-0.024548485369988323,-0.045766869211870606,-0.031783443093538116,-0.029400288792702407,-0.047058347661071184,-0.0461858773670858,-0.03899514584013632
56,-0.010270667232785129,0.04892062417984258,0.251837455240134,-0.024548485369988323,-0.045766869211870606,-0.031783443093538116,-0.030059403357173112,-0.047058347661071184,-0.0461858773670858,-0.03899514584013632
57,-0.01423822017865704,0.04892062417984258,0.251837455240134,-0.024548485369988323,-0.045766869211870606,-0.031783443093538116,-0.030059403357173112,-0.047058347661071184,-0.04253633439015782,-0.03899514584013632
58,-0.01423822017865704,0.04892062417984258,0.2609230074485528,-0.024548485369988323,-0.045766869211870606,-0.031783443093538116,-0.030059403357173112,-0.047058347661071184,-0.04253633439015782,-0.04655585012546385
59,-0.01423822017865704,0.04892062417984258,0.24697448143012024,-0.024548485369988323,-0.045766869211870606,-0.031783443093538116,-0.018575224314283496,-0.047058347661071184,-0.04253633439015782,-0.04655585012546385
60,-0.01423822017865704,0.041269231708587914,0.24697448143012024,-0.024548485369988323,-0.045766869211870606,-0.031783443093538116,-0.018575224314283496,-0.047058347661071184,-0.035328072757006695,-0.04655585012546385
61,-0.011230752094187077,0.041269231708587914,0.24697448143012024,-0.02718237837244759,-0.045766869211870606,-0.031783443093538116,-0.018575224314283496,-0.047058347661071184,-0.035328072757006695,-0.04655585012546385
62,-0.010658583726784906,0.041269231708587914,0.24697448143012024,-0.02718237837244759,-0.045766869211870606,-0.031783443093538116,-0.01909596181720008,-0.047058347661071184,-0.035328072757006695,-0.04655585012546385
63,-0.010658583726784906,0.04891644722394439,0.24697448143012024,-0.02718237837244759,-0.045766869211870606,-0.031783443093538116,-0.01909596181720008,-0.047058347661071184,-0.035328072757006695,-0.053677015146770334
64,-0.010658583726784906,0.04891644722394439,0.2321325084329817,-0.02718237837244759,-0.045766869211870606,-0.031783443093538116,-0.00670495683793762,-0.047058347661071184,-0.035328072757006695,-0.053677015146770334
65,-0.010658583726784906,0.04891644722394439,0.247977592939818,-0.02718237837244759,-0.058066951761245246,-0.031783443093538116,-0.00670495683793762,-0.047058347661071184,-0.035328072757006695,-0.053677015146770334
66,-0.015994290743962157,0.04891644722394439,0.247977592939818,-0.02718237837244759,-0.058066951761245246,-0.031783443093538116,-0.00670495683793762,-0.04225687088912429,-0.035328072757006695,-0.053677015146770334
67,-0.015994290743962157,0.04891644722394439,0.26022655708977466,-0.03671240204965601,-0.058066951761245246,-0.031783443093538116,-0.00670495683793762,-0.04225687088912429,-0.035328072757006695,-0.053677015146770334
68,-0.011805346903978293,0.04891644722394439,0.26022655708977466,-0.03671240204965601,-0.058066951761245246,-0.031783443093538116,-0.00670495683793762,-0.04225687088912429,-0.03910120231875687,-0.053677015146770334
69,-0.011805346903978293,0.04891644722394439,0.2441072952850968,-0.03671240204965601,-0.058066951761245246,-0.031783443093538116,-0.00670495683793762,-0.04225687088912429,-0.03910120231875687,-0.04063408567311917
70,-0.012114085758500334,0.04891644722394439,0.2441072952850968,-0.03671240204965601,-0.058066951761245246,-0.031783443093538116,-0.00670495683793762,-0.04225687088912429,-0.03910120231875687,-0.040355733024206225
71,-0.012114085758500334,0.04166375167416344,0.2441072952850968,-0.03671240204965601,-0.05163428460277118,-0.031783443093538116,-0.00670495683793762,-0.04225687088912429,-0.03910120231875687,-0.040355733024206225
72,-0.012360022083747138,0.04166375167416344,0.2441072952850968,-0.03671240204965601,-0.05163428460277118,-0.031783443093538116,-0.0064856562157861375,-0.04225687088912429,-0.03910120231875687,-0.040355733024206225
73,-0.012360022083747138,0.04166375167416344,0.25584205020243933,-0.03671240204965601,-0.05163428460277118,-0.031783443093538116,-0.016112838742209062,-0.04225687088912429,-0.03910120231875687,-0.040355733024206225
74,-0.012360022083747138,0.037528316793382,0.25584205020243933,-0.03671240204965601,-0.05163428460277118,-0.028157222209270805,-0.016112838742209062,-0.04225687088912429,-0.03910120231875687,-0.040355733024206225
75,-0.012360022083747138,0.037528316793382,0.2664786826489626,-0.044838091754704934,-0.05163428460277118,-0.028157222209270805,-0.016112838742209062,-0.04225687088912429,-0.03910120231875687,-0.040355733024206225
76,-0.012360022083747138,0.037528316793382,0.2749180556927894,-0.044838091754704934,-0.05163428460277118,-0.03453932663461329,-0.016112838742209062,-0.04225687088912429,-0.03910120231875687,-0.040355733024206225
77,-0.012360022083747138,0.04785690783308434,0.2749180556927894,-0.044838091754704934,-0.05163428460277118,-0.03453932663461329,-0.02586405512751811,-0.04225687088912429,-0.03910120231875687,-0.040355733024206225
78,-0.012360022083747138,0.040690859829894656,0.2749180556927894,-0.044838091754704934,-0.05163428460277118,-0.02824056316970695,-0.02586405512751811,-0.04225687088912429,-0.03910120231875687,-0.040355733024206225
79,-0.012360022083747138,0.05229420544855273,0.2749180556927894,-0.044838091754704934,-0.05163428460277118,-0.02824056316970695,-0.02586405512751811,-0.04225687088912429,-0.03910120231875687,-0.05094272720181396
80,-0.012360022083747138,0.05229420544855273,0.28672190968572386,-0.044838091754704934,-0.05163428460277118,-0.02824056316970695,-0.02586405512751811,-0.04225687088912429,-0.048383844779219934,-0.05094272720181396
81,-0.010720773459202445,0.05229420544855273,0.28672190968572386,-0.044838091754704934,-0.05301102010238879,-0.02824056316970695,-0.02586405512751811,-0.04225687088912429,-0.048383844779219934,-0.05094272720181396
82,-0.010720773459202445,0.05229420544855273,0.298153600223659,-0.044838091754704934,-0.05301102010238879,-0.02824056316970695,-0.02586405512751811,-0.04225687088912429,-0.05739211483909172,-0.05094272720181396
83,-0.00846413861812839,0.05229420544855273,0.298153600223659,-0.044838091754704934,-0.05301102010238879,-0.02824056316970695,-0.02586405512751811,-0.04225687088912429,-0.059408398040288066,-0.05094272720181396
84,-0.00846413861812839,0.05229420544855273,0.31147095859147433,-0.044838091754704934,-0.05301102010238879,-0.02824056316970695,-0.02586405512751811,-0.05240007074766163,-0.059408398040288066,-0.05094272720181396
85,-0.014212380369166527,0.05229420544855273,0.31147095859147433,-0.0400545898779669,-0.05301102010238879,-0.02824056316970695,-0.02586405512751811,-0.05240007074766163,-0.059408398040288066,-0.05094272720181396
86,-0.015824115382721056,0.05229420544855273,0.31147095859147433,-0.0400545898779669,-0.05301102010238879,-0.026897140112166124,-0.02586405512751811,-0.05240007074766163,-0.059408398040288066,-0.05094272720181396
87,-0.02160283174871517,0.05229420544855273,0.31147095859147433,-0.0400545898779669,-0.05301102010238879,-0.026897140112166124,-0.02586405512751811,-0.047517022245512755,-0.059408398040288066,-0.05094272720181396
88,-0.026626954010546756,0.05229420544855273,0.31147095859147433,-0.0400545898779669,-0.05301102010238879,-0.026897140112166124,-0.02586405512751811,-0.04326540169819969,-0.059408398040288066,-0.05094272720181396
89,-0.026626954010546756,0.05229420544855273,0.3244771221487026,-0.0400545898779669,-0.05301102010238879,-0.036706410526126124,-0.02586405512751811,-0.04326540169819969,-0.059408398040288066,-0.05094272720181396
90,-0.027381987542198425,0.05229420544855273,0.3244771221487026,-0.03944478776803901,-0.05301102010238879,-0.036706410526126124,-0.02586405512751811,-0.04326540169819969,-0.059408398040288066,-0.05094272720181396
91,-0.027381987542198425,0.05229420544855273,0.3337341172299929,-0.03944478776803901,-0.05301102010238879,-0.036706410526126124,-0.03311665901442861,-0.04326540169819969,-0.059408398040288066,-0.05094272720181396
92,-0.027381987542198425,0.05229420544855273,0.31143327798454773,-0.03944478776803901,-0.05301102010238879,-0.02000960844370388,-0.03311665901442861,-0.04326540169819969,-0.059408398040288066,-0.05094272720181396
93,-0.027381987542198425,0.06046063434103159,0.31143327798454773,-0.046639490145667616,-0.05301102010238879,-0.02000960844370388,-0.03311665901442861,-0.04326540169819969,-0.059408398040288066,-0.05094272720181396
94,-0.027381987542198425,0.05161626177023576,0.31143327798454773,-0.046639490145667616,-0.05301102010238879,-0.02000960844370388,-0.03311665901442861,-0.04326540169819969,-0.05132574176745551,-0.05094272720181396
95,-0.027381987542198425,0.05621451234974206,0.31143327798454773,-0.046639490145667616,-0.05301102010238879,-0.02000960844370388,-0.037322176448354304,-0.04326540169819969,-0.05132574176745551,-0.05094272720181396
96,-0.027381987542198425,0.052530069240507495,0.31143327798454773,-0.046639490145667616,-0.04994494506743135,-0.02000960844370388,-0.037322176448354304,-0.04326540169819969,-0.05132574176745551,-0.05094272720181396
97,-0.027381987542198425,0.056339889093362475,0.31143327798454773,-0.046639490145667616,-0.04994494506743135,-0.02000960844370388,-0.037322176448354304,-0.04659733474024359,-0.05132574176745551,-0.05094272720181396
98,-0.027381987542198425,0.056339889093362475,0.3204747497025193,-0.05334408917345577,-0.04994494506743135,-0.02000960844370388,-0.037322176448354304,-0.04659733474024359,-0.05132574176745551,-0.05094272720181396
99,-0.025826845497943188,0.056339889093362475,0.3204747497025193,-0.05334408917345577,-0.04994494506743135,-0.02000960844370388,-0.037322176448354304,-0.0479171133585185,-0.05132574176745551,-0.05094272720181396
100,-0.02515554219859431,0.056339889093362475,0.3204747497025193,-0.05334408917345577,-0.04994494506743135,-0.02000960844370388,-0.037322176448354304,-0.0479171133585185,-0.05132574176745551,-0.051500035601273406
101,-0.02515554219859431,0.04636775741550363,0.3204747497025193,-0.05334408917345577,-0.04994494506743135,-0.02000960844370388,-0.037322176448354304,-0.03908366799681654,-0.05132574176745551,-0.051500035601273406
102,-0.018160585268131003,0.04636775741550363,0.3204747497025193,-0.05334408917345577,-0.04994494506743135,-0.02000960844370388,-0.0432748384719605,-0.03908366799681654,-0.05132574176745551,-0.051500035601273406
103,-0.018160585268131003,0.04636775741550363,0.3331014362531499,-0.05334408917345577,-0.04994494506743135,-0.02000960844370388,-0.05322627004205831,-0.03908366799681654,-0.05132574176745551,-0.051500035601273406
104,-0.025246729486430253,0.04636775741550363,0.3331014362531499,-0.04764738499796029,-0.04994494506743135,-0.02000960844370388,-0.05322627004205831,-0.03908366799681654,-0.05132574176745551,-0.051500035601273406
105,-0.025246729486430253,0.037886088383546616,0.3331014362531499,-0.04764738499796029,-0.04994494506743135,-0.02000960844370388,-0.05322627004205831,-0.03156273721905146,-0.05132574176745551,-0.051500035601273406
106,-0.02618293636718499,0.037886088383546616,0.3331014362531499,-0.04764738499796029,-0.04994494506743135,-0.02000960844370388,-0.05322627004205831,-0.030772907961346317,-0.05132574176745551,-0.051500035601273406
107,-0.02618293636718499,0.023395727199700227,0.3331014362531499,-0.04764738499796029,-0.04994494506743135,-0.02000960844370388,-0.05322627004205831,-0.030772907961346317,-0.05132574176745551,-0.039075042640463936
108,-0.02618293636718499,0.023395727199700227,0.3367265468417563,-0.04764738499796029,-0.04994494506743135,-0.022679008058950404,-0.05322627004205831,-0.030772907961346317,-0.05132574176745551,-0.039075042640463936
109,-0.02618293636718499,0.023395727199700227,0.3466549866095454,-0.04764738499796029,-0.05692758402499733,-0.022679008058950404,-0.05322627004205831,-0.030772907961346317,-0.05132574176745551,-0.039075042640463936
110,-0.02618293636718499,0.023395727199700227,0.3572523997419109,-0.055397731915660435,-0.05692758402499733,-0.022679008058950404,-0.05322627004205831,-0.030772907961346317,-0.05132574176745551,-0.039075042640463936
111,-0.02618293636718499,0.023395727199700227,0.3689989476637792,-0.055397731915660435,-0.05692758402499733,-0.031190327086246875,-0.05322627004205831,-0.030772907961346317,-0.05132574176745551,-0.039075042640463936
112,-0.026957968509848388,0.023395727199700227,0.3689989476637792,-0.05477238409239555,-0.05692758402499733,-0.031190327086246875,-0.05322627004205831,-0.030772907961346317,-0.05132574176745551,-0.039075042640463936
113,-0.037133589906470865,0.023395727199700227,0.3689989476637792,-0.05477238409239555,-0.05692758402499733,-0.023060655098094227,-0.05322627004205831,-0.030772907961346317,-0.05132574176745551,-0.039075042640463936
114,-0.037133589906470865,0.015597426432953167,0.3689989476637792,-0.05477238409239555,-0.05692758402499733,-0.01636514433876594,-0.05322627004205831,-0.030772907961346317,-0.05132574176745551,-0.039075042640463936
115,-0.037133589906470865,0.015597426432953167,0.37660926085091295,-0.05477238409239555,-0.05692758402499733,-0.01636514433876594,-0.05901640005549765,-0.030772907961346317,-0.05132574176745551,-0.039075042640463936
116,-0.037133589906470865,0.015597426432953167,0.3908297047555972,-0.05477238409239555,-0.05692758402499733,-0.026843366163270134,-0.05901640005549765,-0.030772907961346317,-0.05132574176745551,-0.039075042640463936
117,-0.037133589906470865,0.015597426432953167,0.3714017083639798,-0.05477238409239555,-0.05692758402499733,-0.026843366163270134,-0.05901640005549765,-0.01625838740132983,-0.05132574176745551,-0.039075042640463936
118,-0.03571159940136952,0.015597426432953167,0.3714017083639798,-0.055910577126045836,-0.05692758402499733,-0.026843366163270134,-0.05901640005549765,-0.01625838740132983,-0.05132574176745551,-0.039075042640463936
119,-0.041057348888314776,0.015597426432953167,0.3714017083639798,-0.055910577126045836,-0.05293497737693508,-0.026843366163270134,-0.05901640005549765,-0.01625838740132983,-0.05132574176745551,-0.039075042640463936
120,-0.041057348888314776,0.015597426432953167,0.38661092912962863,-0.055910577126045836,-0.05293497737693508,-0.03797634044129553,-0.05901640005549765,-0.01625838740132983,-0.05132574176745551,-0.039075042640463936
121,-0.041057348888314776,0.02683968644413317,0.38661092912962863,-0.06557541535391996,-0.05293497737693508,-0.03797634044129553,-0.05901640005549765,-0.01625838740132983,-0.05132574176745551,-0.039075042640463936
122,-0.041057348888314776,0.04038685955063615,0.38661092912962863,-0.0772364627019485,-0.05293497737693508,-0.03797634044129553,-0.05901640005549765,-0.01625838740132983,-0.05132574176745551,-0.039075042640463936
123,-0.041057348888314776,0.04577929947707793,0.38661092912962863,-0.0772364627019485,-0.05293497737693508,-0.03797634044129553,-0.06371628732398807,-0.01625838740132983,-0.05132574176745551,-0.039075042640463936
124,-0.04266025056511781,0.04577929947707793,0.38661092912962863,-0.0772364627019485,-0.05293497737693508,-0.03797634044129553,-0.06371628732398807,-0.01494130030923307,-0.05132574176745551,-0.039075042640463936
125,-0.04527825629491285,0.04577929947707793,0.38661092912962863,-0.0772364627019485,-0.05293497737693508,-0.03797634044129553,-0.06371628732398807,-0.012786730376327214,-0.05132574176745551,-0.039075042640463936
126,-0.04160863152638911,0.04577929947707793,0.38661092912962863,-0.0772364627019485,-0.05293497737693508,-0.03797634044129553,-0.06371628732398807,-0.015811436506189536,-0.05132574176745551,-0.039075042640463936
127,-0.04334718552237999,0.04577929947707793,0.38661092912962863,-0.0772364627019485,-0.05293497737693508,-0.03797634044129553,-0.06371628732398807,-0.015811436506189536,-0.05132574176745551,-0.03774866861920646
128,-0.04334718552237999,0.04577929947707793,0.3948224372257639,-0.0772364627019485,-0.05293497737693508,-0.03797634044129553,-0.06371628732398807,-0.02211164530408641,-0.05132574176745551,-0.03774866861920646
129,-0.04334718552237999,0.030574088107575233,0.3948224372257639,-0.0642624508268837,-0.05293497737693508,-0.03797634044129553,-0.06371628732398807,-0.02211164530408641,-0.05132574176745551,-0.03774866861920646
130,-0.04334718552237999,0.04183353035644169,0.3948224372257639,-0.0642624508268837,-0.05293497737693508,-0.04748862785844134,-0.06371628732398807,-0.02211164530408641,-0.05132574176745551,-0.03774866861920646
131,-0.04334718552237999,0.046760853771132815,0.3948224372257639,-0.0642624508268837,-0.05293497737693508,-0.04748862785844134,-0.06371628732398807,-0.026467378032647954,-0.05132574176745551,-0.03774866861920646
132,-0.034179512173317106,0.046760853771132815,0.3948224372257639,-0.0642624508268837,-0.05954230952040383,-0.04748862785844134,-0.06371628732398807,-0.026467378032647954,-0.05132574176745551,-0.03774866861920646
133,-0.02974503245418042,0.046760853771132815,0.3948224372257639,-0.0642624508268837,-0.05954230952040383,-0.04748862785844134,-0.06371628732398807,-0.026467378032647954,-0.05132574176745551,-0.04110772062202557
134,-0.02974503245418042,0.04203227802920184,0.3948224372257639,-0.0642624508268837,-0.05954230952040383,-0.04748862785844134,-0.06371628732398807,-0.026467378032647954,-0.0475408838874305,-0.04110772062202557
135,-0.031594207678796116,0.04203227802920184,0.3948224372257639,-0.0642624508268837,-0.05821834382703993,-0.04748862785844134,-0.06371628732398807,-0.026467378032647954,-0.0475408838874305,-0.04110772062202557
136,-0.031594207678796116,0.03153606586244143,0.3948224372257639,-0.0642624508268837,-0.05821834382703993,-0.04748862785844134,-0.05491051774829539,-0.026467378032647954,-0.0475408838874305,-0.04110772062202557
137,-0.035347300595618934,0.03153606586244143,0.3948224372257639,-0.0642624508268837,-0.05821834382703993,-0.04460078000815698,-0.05491051774829539,-0.026467378032647954,-0.0475408838874305,-0.04110772062202557
138,-0.035347300595618934,0.03153606586244143,0.41043692124243325,-0.0642624508268837,-0.05821834382703993,-0.04460078000815698,-0.05491051774829539,-0.03860206275417386,-0.0475408838874305,-0.04110772062202557
139,-0.03852103020200023,0.03153606586244143,0.41043692124243325,-0.0642624508268837,-0.05821834382703993,-0.04460078000815698,-0.05491051774829539,-0.03601814130473069,-0.0475408838874305,-0.04110772062202557
140,-0.03852103020200023,0.034350032335487835,0.41043692124243325,-0.0642624508268837,-0.05821834382703993,-0.04460078000815698,-0.05491051774829539,-0.03851287628713738,-0.0475408838874305,-0.04110772062202557
141,-0.03852103020200023,0.024497006762458258,0.41043692124243325,-0.0642624508268837,-0.05821834382703993,-0.04460078000815698,-0.05491051774829539,-0.03851287628713738,-0.0475408838874305,-0.033268006775992745
142,-0.03852103020200023,0.024497006762458258,0.42564880201259314,-0.0642624508268837,-0.05821834382703993,-0.04460078000815698,-0.0662513261264259,-0.03851287628713738,-0.0475408838874305,-0.033268006775992745
143,-0.03852103020200023,0.01161972276671467,0.42564880201259314,-0.0642624508268837,-0.04853084577519612,-0.04460078000815698,-0.0662513261264259,-0.03851287628713738,-0.0475408838874305,-0.033268006775992745
144,-0.03852103020200023,0.018567330988375538,0.42564880201259314,-0.0642624508268837,-0.04853084577519612,-0.04460078000815698,-0.07198664760736839,-0.03851287628713738,-0.0475408838874305,-0.033268006775992745
145,-0.03852103020200023,0.018567330988375538,0.4407959655063639,-0.07520914041061721,-0.04853084577519612,-0.04460078000815698,-0.07198664760736839,-0.03851287628713738,-0.0475408838874305,-0.033268006775992745
146,-0.03852103020200023,0.030460220274924447,0.4407959655063639,-0.08472345183985634,-0.04853084577519612,-0.04460078000815698,-0.07198664760736839,-0.03851287628713738,-0.0475408838874305,-0.033268006775992745
147,-0.04154049228466611,0.030460220274924447,0.4407959655063639,-0.08472345183985634,-0.04853084577519612,-0.04460078000815698,-0.07198664760736839,-0.03602469785538045,-0.0475408838874305,-0.033268006775992745
148,-0.04154049228466611,0.03798126474791007,0.4407959655063639,-0.08472345183985634,-0.04853084577519612,-0.050561848322918136,-0.07198664760736839,-0.03602469785538045,-0.0475408838874305,-0.033268006775992745
149,-0.04154049228466611,0.03798126474791007,0.45807384140383317,-0.08472345183985634,-0.04853084577519612,-0.050561848322918136,-0.0849249639771012,-0.03602469785538045,-0.0475408838874305,-0.033268006775992745
150,-0.037007604589151276,0.03798126474791007,0.45807384140383317,-0.08472345183985634,-0.04853084577519612,-0.050561848322918136,-0.0849249639771012,-0.039765430419640264,-0.0475408838874305,-0.033268006775992745
151,-0.037007604589151276,0.03798126474791007,0.46939440478976663,-0.08472345183985634,-0.04853084577519612,-0.050561848322918136,-0.0849249639771012,-0.039765430419640264,-0.05530949068805272,-0.033268006775992745
152,-0.037007604589151276,0.03798126474791007,0.4807954151784191,-0.0929325965570288,-0.04853084577519612,-0.050561848322918136,-0.0849249639771012,-0.039765430419640264,-0.05530949068805272,-0.033268006775992745
153,-0.037007604589151276,0.03164393174669094,0.4807954151784191,-0.0929325965570288,-0.04853084577519612,-0.050561848322918136,-0.0849249639771012,-0.039765430419640264,-0.05530949068805272,-0.02840184036434234
154,-0.037007604589151276,0.04134875217042499,0.4807954151784191,-0.0929325965570288,-0.04853084577519612,-0.050561848322918136,-0.0849249639771012,-0.039765430419640264,-0.0626095768474987,-0.02840184036434234
155,-0.03921170361190051,0.04134875217042499,0.4807954151784191,-0.0929325965570288,-0.04853084577519612,-0.050561848322918136,-0.0849249639771012,-0.039765430419640264,-0.06099225609511877,-0.02840184036434234
156,-0.03921170361190051,0.04134875217042499,0.49498414498732535,-0.0929325965570288,-0.05787901613665961,-0.050561848322918136,-0.0849249639771012,-0.039765430419640264,-0.06099225609511877,-0.02840184036434234
157,-0.03921170361190051,0.045895079463766475,0.49498414498732535,-0.09651617218825091,-0.05787901613665961,-0.050561848322918136,-0.0849249639771012,-0.039765430419640264,-0.06099225609511877,-0.02840184036434234
158,-0.04178548957229581,0.045895079463766475,0.49498414498732535,-0.09651617218825091,-0.05787901613665961,-0.04862600930997124,-0.0849249639771012,-0.039765430419640264,-0.06099225609511877,-0.02840184036434234
159,-0.04178548957229581,0.053356928349532665,0.49498414498732535,-0.09651617218825091,-0.05787901613665961,-0.04862600930997124,-0.0849249639771012,-0.039765430419640264,-0.06099225609511877,-0.03403984257773891
160,-0.039306558965217,0.053356928349532665,0.49498414498732535,-0.09651617218825091,-0.05787901613665961,-0.04862600930997124,-0.08683453717631597,-0.039765430419640264,-0.06099225609511877,-0.03403984257773891
161,-0.039306558965217,0.053356928349532665,0.5132200584666737,-0.09651617218825091,-0.05787901613665961,-0.04862600930997124,-0.10031756098864864,-0.039765430419640264,-0.06099225609511877,-0.03403984257773891
162,-0.039306558965217,0.053356928349532665,0.5265049296726255,-0.09651617218825091,-0.066585752741807,-0.04862600930997124,-0.10031756098864864,-0.039765430419640264,-0.06099225609511877,-0.03403984257773891
163,-0.039306558965217,0.061504430403677875,0.5265049296726255,-0.09651617218825091,-0.066585752741807,-0.04862600930997124,-0.10031756098864864,-0.039765430419640264,-0.06099225609511877,-0.04020933835284309
164,-0.037640959899257795,0.061504430403677875,0.5265049296726255,-0.09651617218825091,-0.066585752741807,-0.04862600930997124,-0.10031756098864864,-0.039765430419640264,-0.06099225609511877,-0.04144023008540416
165,-0.035194499327396316,0.061504430403677875,0.5265049296726255,-0.09651617218825091,-0.06827928228739319,-0.04862600930997124,-0.10031756098864864,-0.039765430419640264,-0.06099225609511877,-0.04144023008540416
166,-0.035194499327396316,0.050774309388441366,0.5265049296726255,-0.08819338417163888,-0.06827928228739319,-0.04862600930997124,-0.10031756098864864,-0.039765430419640264,-0.06099225609511877,-0.04144023008540416
167,-0.035194499327396316,0.050774309388441366,0.5360542437596636,-0.08819338417163888,-0.07468524499341693,-0.04862600930997124,-0.10031756098864864,-0.039765430419640264,-0.06099225609511877,-0.04144023008540416
168,-0.035194499327396316,0.050774309388441366,0.5445745503651679,-0.08819338417163888,-0.07468524499341693,-0.04862600930997124,-0.10031756098864864,-0.039765430419640264,-0.06683997322919144,-0.04144023008540416
169,-0.035194499327396316,0.06097759361113332,0.5445745503651679,-0.08819338417163888,-0.07468524499341693,-0.04862600930997124,-0.10841787823414455,-0.039765430419640264,-0.06683997322919144,-0.04144023008540416
170,-0.035194499327396316,0.06630057273104593,0.5445745503651679,-0.08819338417163888,-0.07468524499341693,-0.05263833036356575,-0.10841787823414455,-0.039765430419640264,-0.06683997322919144,-0.04144023008540416
171,-0.036641161637278735,0.06630057273104593,0.5445745503651679,-0.08819338417163888,-0.07468524499341693,-0.05263833036356575,-0.10841787823414455,-0.039765430419640264,-0.06683997322919144,-0.04037792086154216
172,-0.036641161637278735,0.06630057273104593,0.5261970875413361,-0.08819338417163888,-0.062214823791531065,-0.05263833036356575,-0.10841787823414455,-0.039765430419640264,-0.06683997322919144,-0.04037792086154216
173,-0.036641161637278735,0.07729974067649562,0.5261970875413361,-0.08819338417163888,-0.07016380230673,-0.05263833036356575,-0.10841787823414455,-0.039765430419640264,-0.06683997322919144,-0.04037792086154216
174,-0.03575008037459919,0.07729974067649562,0.5261970875413361,-0.08819338417163888,-0.07079831081095977,-0.05263833036356575,-0.10841787823414455,-0.039765430419640264,-0.06683997322919144,-0.04037792086154216
175,-0.03575008037459919,0.07729974067649562,0.5339464745816082,-0.08819338417163888,-0.07079831081095977,-0.05263833036356575,-0.11422119958203501,-0.039765430419640264,-0.06683997322919144,-0.04037792086154216
176,-0.03575008037459919,0.07729974067649562,0.5498701199402635,-0.08819338417163888,-0.08197479958552176,-0.05263833036356575,-0.11422119958203501,-0.039765430419640264,-0.06683997322919144,-0.04037792086154216
177,-0.03575008037459919,0.07729974067649562,0.5561521221425487,-0.09274980946737184,-0.08197479958552176,-0.05263833036356575,-0.11422119958203501,-0.039765430419640264,-0.06683997322919144,-0.04037792086154216
178,-0.040088500565787305,0.07729974067649562,0.5561521221425487,-0.08951477964386055,-0.08197479958552176,-0.05263833036356575,-0.11422119958203501,-0.039765430419640264,-0.06683997322919144,-0.04037792086154216
179,-0.041949923248684094,0.07729974067649562,0.5561521221425487,-0.08951477964386055,-0.08197479958552176,-0.051291447284071326,-0.11422119958203501,-0.039765430419640264,-0.06683997322919144,-0.04037792086154216
180,-0.041949923248684094,0.07729974067649562,0.5690764381822808,-0.09909179080999299,-0.08197479958552176,-0.051291447284071326,-0.11422119958203501,-0.039765430419640264,-0.06683997322919144,-0.04037792086154216
181,-0.04512556751770696,0.07729974067649562,0.5690764381822808,-0.09909179080999299,-0.08197479958552176,-0.051291447284071326,-0.11422119958203501,-0.03733716500924225,-0.06683997322919144,-0.04037792086154216
182,-0.04891324624126224,0.07729974067649562,0.5690764381822808,-0.09909179080999299,-0.08197479958552176,-0.051291447284071326,-0.11422119958203501,-0.03441094390151363,-0.06683997322919144,-0.04037792086154216
183,-0.04891324624126224,0.07729974067649562,0.5773087585100454,-0.09909179080999299,-0.08197479958552176,-0.057262465977817964,-0.11422119958203501,-0.03441094390151363,-0.06683997322919144,-0.04037792086154216
184,-0.04891324624126224,0.07729974067649562,0.5926601301680585,-0.09909179080999299,-0.08197479958552176,-0.057262465977817964,-0.12583845380972059,-0.03441094390151363,-0.06683997322919144,-0.04037792086154216
185,-0.04891324624126224,0.08666516447869158,0.5926601301680585,-0.09909179080999299,-0.08197479958552176,-0.057262465977817964,-0.12583845380972059,-0.04203845400845674,-0.06683997322919144,-0.04037792086154216
186,-0.05465490013018704,0.08666516447869158,0.5926601301680585,-0.09479201039992509,-0.08197479958552176,-0.057262465977817964,-0.12583845380972059,-0.04203845400845674,-0.06683997322919144,-0.04037792086154216
187,-0.05575737425287851,0.08666516447869158,0.5926601301680585,-0.09479201039992509,-0.08197479958552176,-0.057262465977817964,-0.12583845380972059,-0.04203845400845674,-0.06607474968785998,-0.04037792086154216
188,-0.05575737425287851,0.09632400794553853,0.5926601301680585,-0.09479201039992509,-0.08197479958552176,-0.057262465977817964,-0.12583845380972059,-0.04203845400845674,-0.06607474968785998,-0.047548475014215254
189,-0.05575737425287851,0.09632400794553853,0.6046304572755822,-0.09479201039992509,-0.08197479958552176,-0.057262465977817964,-0.12583845380972059,-0.05147618026321319,-0.06607474968785998,-0.047548475014215254
190,-0.05575737425287851,0.0844808747484204,0.6046304572755822,-0.09479201039992509,-0.08197479958552176,-0.057262465977817964,-0.12583845380972059,-0.05147618026321319,-0.06607474968785998,-0.038736749305166816
191,-0.05575737425287851,0.0844808747484204,0.612501125327874,-0.09479201039992509,-0.08197479958552176,-0.057262465977817964,-0.12583845380972059,-0.05147618026321319,-0.06607474968785998,-0.044507158227601776
192,-0.05479184652615615,0.0844808747484204,0.612501125327874,-0.09479201039992509,-0.08197479958552176,-0.057262465977817964,-0.12657674732844065,-0.05147618026321319,-0.06607474968785998,-0.044507158227601776
193,-0.054273511986158096,0.0844808747484204,0.612501125327874,-0.09518426356532902,-0.08197479958552176,-0.057262465977817964,-0.12657674732844065,-0.05147618026321319,-0.06607474968785998,-0.044507158227601776
194,-0.054273511986158096,0.09080888356984904,0.612501125327874,-0.10010540491776666,-0.08197479958552176,-0.057262465977817964,-0.12657674732844065,-0.05147618026321319,-0.06607474968785998,-0.044507158227601776
195,-0.054273511986158096,0.09822752262443024,0.612501125327874,-0.10010540491776666,-0.08728434901718503,-0.057262465977817964,-0.12657674732844065,-0.05147618026321319,-0.06607474968785998,-0.044507158227601776
196,-0.054273511986158096,0.11181255578987749,0.612501125327874,-0.10010540491776666,-0.09703145801481534,-0.057262465977817964,-0.12657674732844065,-0.05147618026321319,-0.06607474968785998,-0.044507158227601776
197,-0.054273511986158096,0.11181255578987749,0.6228183894910857,-0.10010540491776666,-0.09703145801481534,-0.057262465977817964,-0.12657674732844065,-0.05147618026321319,-0.0733162314281983,-0.044507158227601776
198,-0.054273511986158096,0.09892729981162263,0.6228183894910857,-0.10010540491776666,-0.09703145801481534,-0.057262465977817964,-0.12657674732844065,-0.041214618941164086,-0.0733162314281983,-0.044507158227601776
199,-0.054273511986158096,0.09036476703557968,0.6228183894910857,-0.10010540491776666,-0.09082093154888833,-0.057262465977817964,-0.12657674732844065,-0.041214618941164086,-0.0733162314281983,-0.044507158227601776
200,-0.054273511986158096,0.09036476703557968,0.6359257081181593,-0.10010540491776666,-0.09082093154888833,-0.057262465977817964,-0.12657674732844065,-0.041214618941164086,-0.0733162314281983,-0.05421977562751958
