round,minutes_used,timing_tag,is_correct,player_rating,landmark,landmark_Glucksman Gallery,landmark_Honan Collegiate Chapel,landmark_Boole Library,landmark_The Quad / Aula Maxima,landmark_Brookfield Health Sciences Complex,landmark_Student Centre,landmark_Geography Building
1,7.955426841972047,in_time,0,-0.004261539744254941,Honan Collegiate Chapel,0.0,0.004261539744254941,0.0,0.0,0.0,0.0,0.0
2,7.39320696472503,in_time,1,0.001288856917072481,Honan Collegiate Chapel,0.0,-0.001288856917072481,0.0,0.0,0.0,0.0,0.0
3,8.743429791174227,in_time,0,-0.001402304801613131,Geography Building,0.0,-0.001288856917072481,0.0,0.0,0.0,0.0,0.0026202379837861377
4,10.096159931692076,timeout,0,-0.0013922111298162645,Glucksman Gallery,-9.699273622459258e-06,-0.001288856917072481,0.0,0.0,0.0,0.0,0.0026202379837861377
5,6.4466044950687165,in_time,1,0.006387806632744006,Geography Building,-9.699273622459258e-06,-0.001288856917072481,0.0,0.0,0.0,0.0,-0.004858833532944439
6,4.594670143193591,in_time,1,0.01826626743300976,Glucksman Gallery,-0.011282459523166448,-0.001288856917072481,0.0,0.0,0.0,0.0,-0.004858833532944439
7,8.291562774811917,in_time,1,0.02192764528972176,Honan Collegiate Chapel,-0.011282459523166448,-0.004765368570640537,0.0,0.0,0.0,0.0,-0.004858833532944439
8,7.945399987641848,in_time,1,0.026350307222541742,Honan Collegiate Chapel,-0.011282459523166448,-0.00896689740681952,0.0,0.0,0.0,0.0,-0.004858833532944439
9,7.09902008687678,in_time,1,0.032776595888542384,Student Centre,-0.011282459523166448,-0.00896689740681952,0.0,0.0,0.0,-0.005793330001223562,-0.004858833532944439
10,7.495140782884159,in_time,1,0.03830896170809235,Boole Library,-0.011282459523166448,-0.00896689740681952,-0.004925976602522167,0.0,0.0,-0.005793330001223562,-0.004858833532944439
11,6.2222713190336485,in_time,0,0.02916620208121881,Boole Library,-0.011282459523166448,-0.00896689740681952,0.003224070517948217,0.0,0.0,-0.005793330001223562,-0.004858833532944439
12,7.740976282356657,in_time,1,0.034278492801315466,Boole Library,-0.011282459523166448,-0.00896689740681952,-0.0013382925151260916,0.0,0.0,-0.005793330001223562,-0.004858833532944439
13,9.61175851217859,in_time,1,0.03493178483381956,Brookfield Health Sciences Complex,-0.011282459523166448,-0.00896689740681952,-0.0013382925151260916,0.0,-0.0005608208142728511,-0.005793330001223562,-0.004858833532944439
14,6.882217476872001,in_time,0,0.02715897160377773,Boole Library,-0.011282459523166448,-0.00896689740681952,0.005523644164520217,0.0,-0.0005608208142728511,-0.005793330001223562,-0.004858833532944439
15,7.018950916267207,in_time,1,0.03413820500875961,Geography Building,-0.011282459523166448,-0.00896689740681952,0.005523644164520217,0.0,-0.0005608208142728511,-0.005793330001223562,-0.010867980441480962
16,6.2822615243040625,in_time,1,0.042883513891910724,Honan Collegiate Chapel,-0.011282459523166448,-0.016606477580606707,0.005523644164520217,0.0,-0.0005608208142728511,-0.005793330001223562,-0.010867980441480962
17,11.12563698153766,timeout,0,0.04252842832359617,The Quad / Aula Maxima,-0.011282459523166448,-0.016606477580606707,0.005523644164520217,0.00029076818235568936,-0.0005608208142728511,-0.005793330001223562,-0.010867980441480962
18,6.918860632237615,in_time,1,0.049897715371829576,The Quad / Aula Maxima,-0.011282459523166448,-0.016606477580606707,0.005523644164520217,-0.0057553551065939144,-0.0005608208142728511,-0.005793330001223562,-0.010867980441480962
19,5.773119809933402,in_time,1,0.06005926910064495,Geography Building,-0.011282459523166448,-0.016606477580606707,0.005523644164520217,-0.0057553551065939144,-0.0005608208142728511,-0.005793330001223562,-0.0193317498220413
20,7.658023406262808,in_time,1,0.06547867989355098,The Quad / Aula Maxima,-0.011282459523166448,-0.016606477580606707,0.005523644164520217,-0.010159870120657081,-0.0005608208142728511,-0.005793330001223562,-0.0193317498220413
21,6.390259203781339,in_time,1,0.07403575766510746,Geography Building,-0.011282459523166448,-0.016606477580606707,0.005523644164520217,-0.010159870120657081,-0.0005608208142728511,-0.005793330001223562,-0.026391598919109166
22,5.389529543291182,in_time,0,0.06137190154872256,Brookfield Health Sciences Complex,-0.011282459523166448,-0.016606477580606707,0.005523644164520217,-0.010159870120657081,0.009369828946057764,-0.005793330001223562,-0.026391598919109166
23,9.963162259223537,in_time,1,0.060842911019958076,The Quad / Aula Maxima,-0.011282459523166448,-0.016606477580606707,0.005523644164520217,-0.009738566949533938,0.009369828946057764,-0.005793330001223562,-0.026391598919109166
24,7.737156575311249,in_time,1,0.06620984693356823,The Quad / Aula Maxima,-0.011282459523166448,-0.016606477580606707,0.005523644164520217,-0.014021977430762347,0.009369828946057764,-0.005793330001223562,-0.026391598919109166
25,6.658112525355392,in_time,0,0.05656835105017047,Glucksman Gallery,-0.003868520448301653,-0.016606477580606707,0.005523644164520217,-0.014021977430762347,0.009369828946057764,-0.005793330001223562,-0.026391598919109166
26,6.8411880686495765,in_time,0,0.04749575939756902,Glucksman Gallery,0.0031249356172453023,-0.016606477580606707,0.005523644164520217,-0.014021977430762347,0.009369828946057764,-0.005793330001223562,-0.026391598919109166
27,11.124979983554589,timeout,0,0.04711499460998626,Boole Library,0.0031249356172453023,-0.016606477580606707,0.005817851629552588,-0.014021977430762347,0.009369828946057764,-0.005793330001223562,-0.026391598919109166
28,8.72199072604307,in_time,1,0.05015150312958178,Student Centre,0.0031249356172453023,-0.016606477580606707,0.005817851629552588,-0.014021977430762347,0.009369828946057764,-0.008024234219701904,-0.026391598919109166
29,6.923568094313254,in_time,1,0.05815960546345401,Student Centre,0.0031249356172453023,-0.016606477580606707,0.005817851629552588,-0.014021977430762347,0.009369828946057764,-0.013924467097864233,-0.026391598919109166
30,8.302292034985388,in_time,0,0.052629625751923495,Geography Building,0.0031249356172453023,-0.016606477580606707,0.005817851629552588,-0.014021977430762347,0.009369828946057764,-0.013924467097864233,-0.022197721688216893
31,10.884424694688875,timeout,0,0.05197930266346837,Honan Collegiate Chapel,0.0031249356172453023,-0.01611837477474848,0.005817851629552588,-0.014021977430762347,0.009369828946057764,-0.013924467097864233,-0.022197721688216893
32,7.4949993051170365,in_time,0,0.04421893443508697,Honan Collegiate Chapel,0.0031249356172453023,-0.010278889771213953,0.005817851629552588,-0.014021977430762347,0.009369828946057764,-0.013924467097864233,-0.022197721688216893
33,9.740226688537414,in_time,0,0.04284029059537441,Geography Building,0.0031249356172453023,-0.010278889771213953,0.005817851629552588,-0.014021977430762347,0.009369828946057764,-0.013924467097864233,-0.021170880093316483
34,5.343028122760662,in_time,0,0.028882108338284973,Honan Collegiate Chapel,0.0031249356172453023,0.000144428148041156,0.005817851629552588,-0.014021977430762347,0.009369828946057764,-0.013924467097864233,-0.021170880093316483
35,4.3512885171364815,in_time,0,0.011977561912378351,The Quad / Aula Maxima,0.0031249356172453023,0.000144428148041156,0.005817851629552588,-0.0018412924793328317,0.009369828946057764,-0.013924467097864233,-0.021170880093316483
36,9.508308240248786,in_time,1,0.013304628160699886,Honan Collegiate Chapel,0.0031249356172453023,-0.0008392120104591526,0.005817851629552588,-0.0018412924793328317,0.009369828946057764,-0.013924467097864233,-0.021170880093316483
37,8.859239327257487,in_time,0,0.009843907297607415,Boole Library,0.0031249356172453023,-0.0008392120104591526,0.0082622134181158,-0.0018412924793328317,0.009369828946057764,-0.013924467097864233,-0.021170880093316483
38,10.300954244947594,timeout,0,0.009535071510922775,Geography Building,0.0031249356172453023,-0.0008392120104591526,0.0082622134181158,-0.0018412924793328317,0.009369828946057764,-0.013924467097864233,-0.02094926780287123
39,9.434319959817648,in_time,0,0.007714837467563613,The Quad / Aula Maxima,0.0031249356172453023,-0.0008392120104591526,0.0082622134181158,-0.0005642992696394077,0.009369828946057764,-0.013924467097864233,-0.02094926780287123
40,7.122763029840442,in_time,1,0.01627041749761965,Student Centre,0.0031249356172453023,-0.0008392120104591526,0.0082622134181158,-0.0005642992696394077,0.009369828946057764,-0.01963987506876233,-0.02094926780287123
41,7.370865716422216,in_time,1,0.024292418775214094,Brookfield Health Sciences Complex,0.0031249356172453023,-0.0008392120104591526,0.0082622134181158,-0.0005642992696394077,0.0041331316653539715,-0.01963987506876233,-0.02094926780287123
42,6.9167871425982925,in_time,0,0.014526151927421212,Brookfield Health Sciences Complex,0.0031249356172453023,-0.0008392120104591526,0.0082622134181158,-0.0005642992696394077,0.010532399257153751,-0.01963987506876233,-0.02094926780287123
43,6.848359587701513,in_time,1,0.024179071656336374,The Quad / Aula Maxima,0.0031249356172453023,-0.0008392120104591526,0.0082622134181158,-0.0071643377589880345,0.010532399257153751,-0.01963987506876233,-0.02094926780287123
44,7.9599085736663024,in_time,1,0.03013940069687762,Student Centre,0.0031249356172453023,-0.0008392120104591526,0.0082622134181158,-0.0071643377589880345,0.010532399257153751,-0.023522671345420784,-0.02094926780287123
45,5.932444154143157,in_time,1,0.042452401002637655,Geography Building,0.0031249356172453023,-0.0008392120104591526,0.0082622134181158,-0.0071643377589880345,0.010532399257153751,-0.023522671345420784,-0.029316262075924793
46,6.875886379089738,in_time,1,0.052020761636774604,Glucksman Gallery,-0.00299208085853727,-0.0008392120104591526,0.0082622134181158,-0.0071643377589880345,0.010532399257153751,-0.023522671345420784,-0.029316262075924793
47,6.584879805300948,in_time,1,0.06234815355917466,The Quad / Aula Maxima,-0.00299208085853727,-0.0008392120104591526,0.0082622134181158,-0.014052617668281166,0.010532399257153751,-0.023522671345420784,-0.029316262075924793
48,4.558494101761129,in_time,1,0.07925061999504057,Honan Collegiate Chapel,-0.00299208085853727,-0.012151114112605398,0.0082622134181158,-0.014052617668281166,0.010532399257153751,-0.023522671345420784,-0.029316262075924793
49,6.812460733152074,in_time,1,0.08862949769527785,Honan Collegiate Chapel,-0.00299208085853727,-0.018448746689421792,0.0082622134181158,-0.014052617668281166,0.010532399257153751,-0.023522671345420784,-0.029316262075924793
50,3.602308970973458,in_time,1,0.10880075043529336,Boole Library,-0.00299208085853727,-0.018448746689421792,-0.004495672930270096,-0.014052617668281166,0.010532399257153751,-0.023522671345420784,-0.029316262075924793
51,6.6705798776434,in_time,0,0.09665341556502381,Brookfield Health Sciences Complex,-0.00299208085853727,-0.018448746689421792,-0.004495672930270096,-0.014052617668281166,0.01794878715066734,-0.023522671345420784,-0.029316262075924793
52,7.586026180232359,in_time,1,0.10384827390185766,Brookfield Health Sciences Complex,-0.00299208085853727,-0.018448746689421792,-0.004495672930270096,-0.014052617668281166,0.013537733815187887,-0.023522671345420784,-0.029316262075924793
53,6.683878261585323,in_time,1,0.11378532742196942,Boole Library,-0.00299208085853727,-0.018448746689421792,-0.01069247861056285,-0.014052617668281166,0.013537733815187887,-0.023522671345420784,-0.029316262075924793
54,6.751740663988634,in_time,1,0.12315782775410483,Geography Building,-0.00299208085853727,-0.018448746689421792,-0.01069247861056285,-0.014052617668281166,0.013537733815187887,-0.023522671345420784,-0.03525853123289789
55,7.732131185007859,in_time,1,0.12937050379524442,Boole Library,-0.00299208085853727,-0.018448746689421792,-0.014547640553598147,-0.014052617668281166,0.013537733815187887,-0.023522671345420784,-0.03525853123289789
56,8.645152031214895,in_time,0,0.1230835249114726,The Quad / Aula Maxima,-0.00299208085853727,-0.018448746689421792,-0.014547640553598147,-0.01013613901937413,0.013537733815187887,-0.023522671345420784,-0.03525853123289789
57,7.161222977454963,in_time,1,0.1313545741982593,The Quad / Aula Maxima,-0.00299208085853727,-0.018448746689421792,-0.014547640553598147,-0.0153083517407946,0.013537733815187887,-0.023522671345420784,-0.03525853123289789
58,8.901643171010882,in_time,1,0.13381894486675408,Brookfield Health Sciences Complex,-0.00299208085853727,-0.018448746689421792,-0.014547640553598147,-0.0153083517407946,0.012086027548518615,-0.023522671345420784,-0.03525853123289789
59,8.256282370872153,in_time,1,0.13851986956302284,Brookfield Health Sciences Complex,-0.00299208085853727,-0.018448746689421792,-0.014547640553598147,-0.0153083517407946,0.009304786513804439,-0.023522671345420784,-0.03525853123289789
60,6.137413412183097,in_time,1,0.15065107564003483,Brookfield Health Sciences Complex,-0.00299208085853727,-0.018448746689421792,-0.014547640553598147,-0.0153083517407946,0.002096855051601022,-0.023522671345420784,-0.03525853123289789
61,6.096563910555265,in_time,1,0.16249408642735386,Boole Library,-0.00299208085853727,-0.018448746689421792,-0.02167440810702906,-0.0153083517407946,0.002096855051601022,-0.023522671345420784,-0.03525853123289789
62,6.287132476912303,in_time,0,0.14738536641896918,Glucksman Gallery,0.0056414734319682625,-0.018448746689421792,-0.02167440810702906,-0.0153083517407946,0.002096855051601022,-0.023522671345420784,-0.03525853123289789
63,5.953406677156788,in_time,0,0.1311761372627922,Honan Collegiate Chapel,0.0056414734319682625,-0.008447307422844509,-0.02167440810702906,-0.0153083517407946,0.002096855051601022,-0.023522671345420784,-0.03525853123289789
64,9.757117869441066,in_time,0,0.12849095289620566,Student Centre,0.0056414734319682625,-0.008447307422844509,-0.02167440810702906,-0.0153083517407946,0.002096855051601022,-0.021988280278799906,-0.03525853123289789
65,5.839009668517445,in_time,1,0.14145016607196045,Student Centre,0.0056414734319682625,-0.008447307422844509,-0.02167440810702906,-0.0153083517407946,0.002096855051601022,-0.02949158464181415,-0.03525853123289789
66,4.675445081074582,in_time,1,0.1581620068471414,Geography Building,0.0056414734319682625,-0.008447307422844509,-0.02167440810702906,-0.0153083517407946,0.002096855051601022,-0.02949158464181415,-0.04544254049182127
67,5.210873281295374,in_time,1,0.17300947918365275,The Quad / Aula Maxima,0.0056414734319682625,-0.008447307422844509,-0.02167440810702906,-0.024469558076088832,0.002096855051601022,-0.02949158464181415,-0.04544254049182127
68,8.800929404590146,in_time,1,0.17523582010791233,Brookfield Health Sciences Complex,0.0056414734319682625,-0.008447307422844509,-0.02167440810702906,-0.024469558076088832,0.0007571100706306498,-0.02949158464181415,-0.04544254049182127
69,11.029639877578738,timeout,0,0.17265122884414036,Geography Building,0.0056414734319682625,-0.008447307422844509,-0.02167440810702906,-0.024469558076088832,0.0007571100706306498,-0.02949158464181415,-0.04384779269077047
70,8.179615699077232,in_time,1,0.17679415449522765,Boole Library,0.0056414734319682625,-0.008447307422844509,-0.02419906076243034,-0.024469558076088832,0.0007571100706306498,-0.02949158464181415,-0.04384779269077047
71,8.704074515610163,in_time,1,0.17936651622713548,Glucksman Gallery,0.004152091881984562,-0.008447307422844509,-0.02419906076243034,-0.024469558076088832,0.0007571100706306498,-0.02949158464181415,-0.04384779269077047
72,7.549490440260655,in_time,1,0.18561055621874722,The Quad / Aula Maxima,0.004152091881984562,-0.008447307422844509,-0.02419906076243034,-0.028370005417787742,0.0007571100706306498,-0.02949158464181415,-0.04384779269077047
73,5.3544543703722365,in_time,0,0.16697706576846372,Honan Collegiate Chapel,0.004152091881984562,0.003192423967572154,-0.02419906076243034,-0.028370005417787742,0.0007571100706306498,-0.02949158464181415,-0.04384779269077047
74,11.658992504543154,timeout,0,0.16505943519697408,Honan Collegiate Chapel,0.004152091881984562,0.0044049932099350505,-0.02419906076243034,-0.028370005417787742,0.0007571100706306498,-0.02949158464181415,-0.04384779269077047
75,5.923072078317109,in_time,1,0.177514551264948,Brookfield Health Sciences Complex,0.004152091881984562,0.0044049932099350505,-0.02419906076243034,-0.028370005417787742,-0.006832898658125812,-0.02949158464181415,-0.04384779269077047
76,9.137015617404433,in_time,1,0.17814311997785204,The Quad / Aula Maxima,0.004152091881984562,0.0044049932099350505,-0.02419906076243034,-0.02876746627354944,-0.006832898658125812,-0.02949158464181415,-0.04384779269077047
77,8.94233199007495,in_time,1,0.17944364305668214,The Quad / Aula Maxima,0.004152091881984562,0.0044049932099350505,-0.02419906076243034,-0.02959980104400071,-0.006832898658125812,-0.02949158464181415,-0.04384779269077047
78,6.141802051397827,in_time,1,0.19041905756891417,Geography Building,0.004152091881984562,0.0044049932099350505,-0.02419906076243034,-0.02959980104400071,-0.006832898658125812,-0.02949158464181415,-0.050703774781818686
79,10.301040228633653,timeout,0,0.1882277231940481,Glucksman Gallery,0.005437468229079151,0.0044049932099350505,-0.02419906076243034,-0.02959980104400071,-0.006832898658125812,-0.02949158464181415,-0.050703774781818686
80,6.865700112243451,in_time,1,0.19698996074187694,Brookfield Health Sciences Complex,0.005437468229079151,0.0044049932099350505,-0.02419906076243034,-0.02959980104400071,-0.012239385655722329,-0.02949158464181415,-0.050703774781818686
81,6.6246186746052,in_time,0,0.18248998201059793,The Quad / Aula Maxima,0.005437468229079151,0.0044049932099350505,-0.02419906076243034,-0.020208355744738157,-0.012239385655722329,-0.02949158464181415,-0.050703774781818686
82,7.182832011537491,in_time,1,0.18999879159620087,Boole Library,0.005437468229079151,0.0044049932099350505,-0.02883215603865342,-0.020208355744738157,-0.012239385655722329,-0.02949158464181415,-0.050703774781818686
83,6.024097062642639,in_time,1,0.20144060477592984,Boole Library,0.005437468229079151,0.0044049932099350505,-0.03597948210655866,-0.020208355744738157,-0.012239385655722329,-0.02949158464181415,-0.050703774781818686
84,6.529053421037903,in_time,0,0.18686970855982127,Glucksman Gallery,0.014094976856156925,0.0044049932099350505,-0.03597948210655866,-0.020208355744738157,-0.012239385655722329,-0.02949158464181415,-0.050703774781818686
85,6.823048656805055,in_time,0,0.17308558883872868,Boole Library,0.014094976856156925,0.0044049932099350505,-0.027263413508496558,-0.020208355744738157,-0.012239385655722329,-0.02949158464181415,-0.050703774781818686
86,12.381145928418494,timeout,0,0.17083006453786886,The Quad / Aula Maxima,0.014094976856156925,0.0044049932099350505,-0.027263413508496558,-0.018730113638386572,-0.012239385655722329,-0.02949158464181415,-0.050703774781818686
87,9.491996052863982,in_time,1,0.17066931382884293,Honan Collegiate Chapel,0.014094976856156925,0.004507873663711649,-0.027263413508496558,-0.018730113638386572,-0.012239385655722329,-0.02949158464181415,-0.050703774781818686
88,10.496196304995362,timeout,0,0.16831536335535557,Student Centre,0.014094976856156925,0.004507873663711649,-0.027263413508496558,-0.018730113638386572,-0.012239385655722329,-0.028110822173266808,-0.050703774781818686
89,8.712645421012418,in_time,1,0.17073422016613926,Brookfield Health Sciences Complex,0.014094976856156925,0.004507873663711649,-0.027263413508496558,-0.018730113638386572,-0.013750366307711426,-0.028110822173266808,-0.050703774781818686
90,7.831673205126544,in_time,1,0.1765503586090772,Glucksman Gallery,0.010594999740052683,0.004507873663711649,-0.027263413508496558,-0.018730113638386572,-0.013750366307711426,-0.028110822173266808,-0.050703774781818686
91,7.284042134747071,in_time,1,0.18388043677307714,Brookfield Health Sciences Complex,0.010594999740052683,0.004507873663711649,-0.027263413508496558,-0.018730113638386572,-0.018385371327931645,-0.028110822173266808,-0.050703774781818686
92,9.456874257483511,in_time,1,0.18342321598630532,The Quad / Aula Maxima,0.010594999740052683,0.004507873663711649,-0.027263413508496558,-0.01842692980116889,-0.018385371327931645,-0.028110822173266808,-0.050703774781818686
93,4.863699692191787,in_time,1,0.19901881342348876,Boole Library,0.010594999740052683,0.004507873663711649,-0.03724459586829395,-0.01842692980116889,-0.018385371327931645,-0.028110822173266808,-0.050703774781818686
94,7.745232534706962,in_time,1,0.20440601678553147,Brookfield Health Sciences Complex,0.010594999740052683,0.004507873663711649,-0.03724459586829395,-0.01842692980116889,-0.021833181479638985,-0.028110822173266808,-0.050703774781818686
95,8.070308398066807,in_time,1,0.20849675429110154,Student Centre,0.010594999740052683,0.004507873663711649,-0.03724459586829395,-0.01842692980116889,-0.021833181479638985,-0.030541392998857504,-0.050703774781818686
96,10.398826471488787,timeout,0,0.20563104989565145,Boole Library,0.010594999740052683,0.004507873663711649,-0.03538851686483518,-0.01842692980116889,-0.021833181479638985,-0.030541392998857504,-0.050703774781818686
97,5.983114643271429,in_time,0,0.1891710667317345,Glucksman Gallery,0.020625529781483028,0.004507873663711649,-0.03538851686483518,-0.01842692980116889,-0.021833181479638985,-0.030541392998857504,-0.050703774781818686
98,7.722291878952028,in_time,1,0.1943829540792499,Geography Building,0.020625529781483028,0.004507873663711649,-0.03538851686483518,-0.01842692980116889,-0.021833181479638985,-0.030541392998857504,-0.05399939093761883
99,8.267630605089645,in_time,1,0.19845200406420452,Glucksman Gallery,0.018114839365234447,0.004507873663711649,-0.03538851686483518,-0.01842692980116889,-0.021833181479638985,-0.030541392998857504,-0.05399939093761883
100,8.378205094227974,in_time,1,0.20188347003533785,Honan Collegiate Chapel,0.018114839365234447,0.0022853583372124788,-0.03538851686483518,-0.01842692980116889,-0.021833181479638985,-0.030541392998857504,-0.05399939093761883
101,8.433251759719472,in_time,0,0.1937696160066903,Brookfield Health Sciences Complex,0.018114839365234447,0.0022853583372124788,-0.03538851686483518,-0.01842692980116889,-0.01657794506250783,-0.030541392998857504,-0.05399939093761883
102,9.815498385761927,in_time,1,0.19194551775406526,The Quad / Aula Maxima,0.018114839365234447,0.0022853583372124788,-0.03538851686483518,-0.01720327067005915,-0.01657794506250783,-0.030541392998857504,-0.05399939093761883
103,7.093386559571633,in_time,1,0.19959924187852898,Student Centre,0.018114839365234447,0.0022853583372124788,-0.03538851686483518,-0.01720327067005915,-0.01657794506250783,-0.035147173887915314,-0.05399939093761883
104,5.05418182431721,in_time,0,0.17950371043203284,Boole Library,0.018114839365234447,0.0022853583372124788,-0.0222181596568021,-0.01720327067005915,-0.01657794506250783,-0.035147173887915314,-0.05399939093761883
105,6.5217672864043985,in_time,1,0.18900540292480547,Geography Building,0.018114839365234447,0.0022853583372124788,-0.0222181596568021,-0.01720327067005915,-0.01657794506250783,-0.035147173887915314,-0.06008047413299332
106,4.892003316785562,in_time,0,0.16872843904679818,The Quad / Aula Maxima,0.018114839365234447,0.0022853583372124788,-0.0222181596568021,-0.0034439023242685014,-0.01657794506250783,-0.035147173887915314,-0.06008047413299332
107,5.982236391732853,in_time,1,0.18111302754061898,Glucksman Gallery,0.010378592426769643,0.0022853583372124788,-0.0222181596568021,-0.0034439023242685014,-0.01657794506250783,-0.035147173887915314,-0.06008047413299332
108,6.522587086296981,in_time,1,0.19051435833730543,Geography Building,0.010378592426769643,0.0022853583372124788,-0.0222181596568021,-0.0034439023242685014,-0.01657794506250783,-0.035147173887915314,-0.06616959230024219
109,8.941870045214806,in_time,1,0.19160266553565342,Student Centre,0.010378592426769643,0.0022853583372124788,-0.0222181596568021,-0.0034439023242685014,-0.01657794506250783,-0.035810376148733225,-0.06616959230024219
110,7.385451267467318,in_time,1,0.19815601425726387,Student Centre,0.010378592426769643,0.0022853583372124788,-0.0222181596568021,-0.0034439023242685014,-0.01657794506250783,-0.0398539317429184,-0.06616959230024219
111,3.8749809250437846,in_time,0,0.1744062907172971,Glucksman Gallery,0.02539617960301861,0.0022853583372124788,-0.0222181596568021,-0.0034439023242685014,-0.01657794506250783,-0.0398539317429184,-0.06616959230024219
112,6.324483885463135,in_time,1,0.18558439422514134,Glucksman Gallery,0.0182421933579983,0.0022853583372124788,-0.0222181596568021,-0.0034439023242685014,-0.01657794506250783,-0.0398539317429184,-0.06616959230024219
113,8.485087619559163,in_time,0,0.17761143393690804,Student Centre,0.0182421933579983,0.0022853583372124788,-0.0222181596568021,-0.0034439023242685014,-0.01657794506250783,-0.03487348449986939,-0.06616959230024219
114,5.111372378692973,in_time,0,0.15841068573876543,The Quad / Aula Maxima,0.0182421933579983,0.0022853583372124788,-0.0222181596568021,0.009734091077137678,-0.01657794506250783,-0.03487348449986939,-0.06616959230024219
115,6.096374795968272,in_time,1,0.1703200596614949,The Quad / Aula Maxima,0.0182421933579983,0.0022853583372124788,-0.0222181596568021,0.0014678351164596239,-0.01657794506250783,-0.03487348449986939,-0.06616959230024219
116,5.765457434503659,in_time,0,0.15322794615336038,Boole Library,0.0182421933579983,0.0022853583372124788,-0.010884351769055145,0.0014678351164596239,-0.01657794506250783,-0.03487348449986939,-0.06616959230024219
117,6.708878992266053,in_time,1,0.16221942817049453,Geography Building,0.0182421933579983,0.0022853583372124788,-0.010884351769055145,0.0014678351164596239,-0.01657794506250783,-0.03487348449986939,-0.07206249591966404
118,12.486809419202356,timeout,0,0.15949122560753168,Geography Building,0.0182421933579983,0.0022853583372124788,-0.010884351769055145,0.0014678351164596239,-0.01657794506250783,-0.03487348449986939,-0.07025342042336782
119,6.547259738335972,in_time,1,0.16891325191306703,Geography Building,0.0182421933579983,0.0022853583372124788,-0.010884351769055145,0.0014678351164596239,-0.01657794506250783,-0.03487348449986939,-0.07657399471575192
120,6.480941778941407,in_time,0,0.15479111706473553,Glucksman Gallery,0.027388914149444308,0.0022853583372124788,-0.010884351769055145,0.0014678351164596239,-0.01657794506250783,-0.03487348449986939,-0.07657399471575192
121,10.206100797149514,timeout,0,0.15279036988453204,Brookfield Health Sciences Complex,0.027388914149444308,0.0022853583372124788,-0.010884351769055145,0.0014678351164596239,-0.015266680659453712,-0.03487348449986939,-0.07657399471575192
122,11.082503560076614,timeout,0,0.15088253124066667,Boole Library,0.027388914149444308,0.0022853583372124788,-0.009604517103411283,0.0014678351164596239,-0.015266680659453712,-0.03487348449986939,-0.07657399471575192
123,8.302288929069789,in_time,0,0.14307140068860089,Boole Library,0.027388914149444308,0.0022853583372124788,-0.004304107085938075,0.0014678351164596239,-0.015266680659453712,-0.03487348449986939,-0.07657399471575192
124,7.6778898119049055,in_time,1,0.14957582482512943,Honan Collegiate Chapel,0.027388914149444308,-0.0019775589953654393,-0.004304107085938075,0.0014678351164596239,-0.015266680659453712,-0.03487348449986939,-0.07657399471575192
125,12.684762057001098,timeout,0,0.14814791313439651,Glucksman Gallery,0.028324749416033284,-0.0019775589953654393,-0.004304107085938075,0.0014678351164596239,-0.015266680659453712,-0.03487348449986939,-0.07657399471575192
126,9.842945700371146,in_time,0,0.14498525182182628,Geography Building,0.028324749416033284,-0.0019775589953654393,-0.004304107085938075,0.0014678351164596239,-0.015266680659453712,-0.03487348449986939,-0.07442790311079356
127,10.629713474194702,timeout,0,0.14362301769036698,Glucksman Gallery,0.02922804905400629,-0.0019775589953654393,-0.004304107085938075,0.0014678351164596239,-0.015266680659453712,-0.03487348449986939,-0.07442790311079356
128,7.445852355613618,in_time,0,0.13296971729051665,Boole Library,0.02922804905400629,-0.0019775589953654393,0.003007541445862687,0.0014678351164596239,-0.015266680659453712,-0.03487348449986939,-0.07442790311079356
129,9.068722277148316,in_time,0,0.12772781034464084,Student Centre,0.02922804905400629,-0.0019775589953654393,0.003007541445862687,0.0014678351164596239,-0.015266680659453712,-0.031558886146882195,-0.07442790311079356
130,7.58055817073738,in_time,0,0.1169173421394371,Geography Building,0.02922804905400629,-0.0019775589953654393,0.003007541445862687,0.0014678351164596239,-0.015266680659453712,-0.031558886146882195,-0.06700838605842853
131,4.275565479730364,in_time,1,0.13559165680063354,Boole Library,0.02922804905400629,-0.0019775589953654393,-0.009954236887847887,0.0014678351164596239,-0.015266680659453712,-0.031558886146882195,-0.06700838605842853
132,6.453889382385826,in_time,1,0.14641108100447212,The Quad / Aula Maxima,0.02922804905400629,-0.0019775589953654393,-0.009954236887847887,-0.006126102731176397,-0.015266680659453712,-0.031558886146882195,-0.06700838605842853
133,7.6030254979109015,in_time,1,0.15296160320707541,Boole Library,0.02922804905400629,-0.0019775589953654393,-0.014551917645986638,-0.006126102731176397,-0.015266680659453712,-0.031558886146882195,-0.06700838605842853
134,5.701140753218559,in_time,0,0.1364587874447098,Glucksman Gallery,0.040298626621623534,-0.0019775589953654393,-0.014551917645986638,-0.006126102731176397,-0.015266680659453712,-0.031558886146882195,-0.06700838605842853
135,6.045284578100643,in_time,1,0.14839682237203303,Student Centre,0.040298626621623534,-0.0019775589953654393,-0.014551917645986638,-0.006126102731176397,-0.015266680659453712,-0.039199228500369054,-0.06700838605842853
136,8.536165756810206,in_time,0,0.14106380346118538,Student Centre,0.040298626621623534,-0.0019775589953654393,-0.014551917645986638,-0.006126102731176397,-0.015266680659453712,-0.03444972870757805,-0.06700838605842853
137,8.97877343912142,in_time,1,0.14297495915418124,Honan Collegiate Chapel,0.040298626621623534,-0.0032448494014161644,-0.014551917645986638,-0.006126102731176397,-0.015266680659453712,-0.03444972870757805,-0.06700838605842853
138,9.082061991491127,in_time,1,0.14412519133648613,Student Centre,0.040298626621623534,-0.0032448494014161644,-0.014551917645986638,-0.006126102731176397,-0.015266680659453712,-0.035203576335517864,-0.06700838605842853
139,7.9196090734183295,in_time,1,0.14955981711828328,Brookfield Health Sciences Complex,0.040298626621623534,-0.0032448494014161644,-0.014551917645986638,-0.006126102731176397,-0.018870389734014392,-0.035203576335517864,-0.06700838605842853
140,9.022223110853176,in_time,1,0.15102202785900048,Brookfield Health Sciences Complex,0.040298626621623534,-0.0032448494014161644,-0.014551917645986638,-0.006126102731176397,-0.019851284004326022,-0.035203576335517864,-0.06700838605842853
141,5.571985968064551,in_time,0,0.13332480743930472,Student Centre,0.040298626621623534,-0.0032448494014161644,-0.014551917645986638,-0.006126102731176397,-0.019851284004326022,-0.02346852108395491,-0.06700838605842853
142,9.715147473033648,in_time,1,0.1324947863987246,Student Centre,0.040298626621623534,-0.0032448494014161644,-0.014551917645986638,-0.006126102731176397,-0.019851284004326022,-0.02291171838768707,-0.06700838605842853
143,7.881592284218997,in_time,1,0.13883420057538845,Glucksman Gallery,0.035996881287458794,-0.0032448494014161644,-0.014551917645986638,-0.006126102731176397,-0.019851284004326022,-0.02291171838768707,-0.06700838605842853
144,7.586542864404155,in_time,1,0.14539754785925907,Student Centre,0.035996881287458794,-0.0032448494014161644,-0.014551917645986638,-0.006126102731176397,-0.019851284004326022,-0.027365418330313553,-0.06700838605842853
145,9.22963678613965,in_time,1,0.14616941667247843,Brookfield Health Sciences Complex,0.035996881287458794,-0.0032448494014161644,-0.014551917645986638,-0.006126102731176397,-0.020375052127582016,-0.027365418330313553,-0.06700838605842853
146,6.988331518361479,in_time,0,0.133700284730549,Brookfield Health Sciences Complex,0.035996881287458794,-0.0032448494014161644,-0.014551917645986638,-0.006126102731176397,-0.011817149239823504,-0.027365418330313553,-0.06700838605842853
147,8.862280219697448,in_time,0,0.12803309199878116,Brookfield Health Sciences Complex,0.035996881287458794,-0.0032448494014161644,-0.014551917645986638,-0.006126102731176397,-0.00788357002707588,-0.027365418330313553,-0.06700838605842853
148,8.068971558800426,in_time,1,0.13251394177856404,Geography Building,0.035996881287458794,-0.0032448494014161644,-0.014551917645986638,-0.006126102731176397,-0.00788357002707588,-0.027365418330313553,-0.07011852866049607
149,6.362135533505496,in_time,0,0.11821726038781817,The Quad / Aula Maxima,0.035996881287458794,-0.0032448494014161644,-0.014551917645986638,0.004019929223546468,-0.00788357002707588,-0.027365418330313553,-0.07011852866049607
150,8.23060480865467,in_time,1,0.12284639520041289,Boole Library,0.035996881287458794,-0.0032448494014161644,-0.017837110093634503,0.004019929223546468,-0.00788357002707588,-0.027365418330313553,-0.07011852866049607
151,6.9924970403046,in_time,1,0.13194684081771169,The Quad / Aula Maxima,0.035996881287458794,-0.0032448494014161644,-0.017837110093634503,-0.0025095384839324726,-0.00788357002707588,-0.027365418330313553,-0.07011852866049607
152,3.3115771004269954,in_time,1,0.15367253604242911,The Quad / Aula Maxima,0.035996881287458794,-0.0032448494014161644,-0.017837110093634503,-0.01826749336864672,-0.00788357002707588,-0.027365418330313553,-0.07011852866049607
153,6.649785321702698,in_time,1,0.16277162959364974,Geography Building,0.035996881287458794,-0.0032448494014161644,-0.017837110093634503,-0.01826749336864672,-0.00788357002707588,-0.027365418330313553,-0.07650500076806722
154,9.039379631196494,in_time,1,0.1640256435283009,Boole Library,0.035996881287458794,-0.0032448494014161644,-0.01873685103329452,-0.01826749336864672,-0.00788357002707588,-0.027365418330313553,-0.07650500076806722
155,9.088059403922312,in_time,0,0.15884609533156904,Brookfield Health Sciences Complex,0.035996881287458794,-0.0032448494014161644,-0.01873685103329452,-0.01826749336864672,-0.004248148553273032,-0.027365418330313553,-0.07650500076806722
156,7.059545570778689,in_time,1,0.16637502365960766,Geography Building,0.035996881287458794,-0.0032448494014161644,-0.01873685103329452,-0.01826749336864672,-0.004248148553273032,-0.027365418330313553,-0.0818481111944172
157,9.420654955895952,in_time,1,0.16688292004891525,Glucksman Gallery,0.03564829824278656,-0.0032448494014161644,-0.01873685103329452,-0.01826749336864672,-0.004248148553273032,-0.027365418330313553,-0.0818481111944172
158,9.02126900475685,in_time,0,0.16133707350366003,The Quad / Aula Maxima,0.03564829824278656,-0.0032448494014161644,-0.01873685103329452,-0.014201535793688711,-0.004248148553273032,-0.027365418330313553,-0.0818481111944172
159,6.402701845802092,in_time,1,0.17202048332219888,Honan Collegiate Chapel,0.03564829824278656,-0.010411597111979237,-0.01873685103329452,-0.014201535793688711,-0.004248148553273032,-0.027365418330313553,-0.0818481111944172
160,2.4265453750814254,in_time,0,0.14269574106435995,Geography Building,0.03564829824278656,-0.010411597111979237,-0.01873685103329452,-0.014201535793688711,-0.004248148553273032,-0.027365418330313553,-0.06080793737713368
161,6.6016864046365935,in_time,1,0.1528415909529098,Brookfield Health Sciences Complex,0.03564829824278656,-0.010411597111979237,-0.01873685103329452,-0.014201535793688711,-0.011448429119340672,-0.027365418330313553,-0.06080793737713368
162,11.24318033315328,timeout,0,0.1509403459380815,Honan Collegiate Chapel,0.03564829824278656,-0.009121466566202892,-0.01873685103329452,-0.014201535793688711,-0.011448429119340672,-0.027365418330313553,-0.06080793737713368
163,7.332695529293709,in_time,1,0.15826070596251668,Boole Library,0.03564829824278656,-0.009121466566202892,-0.0240464119845904,-0.014201535793688711,-0.011448429119340672,-0.027365418330313553,-0.06080793737713368
164,6.166713852502842,in_time,1,0.16950647801964583,Student Centre,0.03564829824278656,-0.009121466566202892,-0.0240464119845904,-0.014201535793688711,-0.011448429119340672,-0.03508369620330299,-0.06080793737713368
165,4.3339766529968875,in_time,1,0.1870727303502059,The Quad / Aula Maxima,0.03564829824278656,-0.009121466566202892,-0.0240464119845904,-0.02721825514654977,-0.011448429119340672,-0.03508369620330299,-0.06080793737713368
166,11.355247357869292,timeout,0,0.18449400629472523,Student Centre,0.03564829824278656,-0.009121466566202892,-0.0240464119845904,-0.02721825514654977,-0.011448429119340672,-0.03329381260128778,-0.06080793737713368
167,6.39139511266199,in_time,1,0.19479775301270122,Brookfield Health Sciences Complex,0.03564829824278656,-0.009121466566202892,-0.0240464119845904,-0.02721825514654977,-0.018841251876632856,-0.03329381260128778,-0.06080793737713368
168,6.333728434045097,in_time,1,0.20460770916346194,Geography Building,0.03564829824278656,-0.009121466566202892,-0.0240464119845904,-0.02721825514654977,-0.018841251876632856,-0.03329381260128778,-0.06792323770910375
169,6.23574429167312,in_time,0,0.18887339274482187,Boole Library,0.03564829824278656,-0.009121466566202892,-0.012510740648013333,-0.02721825514654977,-0.018841251876632856,-0.03329381260128778,-0.06792323770910375
170,9.500812066587226,in_time,0,0.18455437317293114,Student Centre,0.03564829824278656,-0.009121466566202892,-0.012510740648013333,-0.02721825514654977,-0.018841251876632856,-0.030262378989504127,-0.06792323770910375
171,6.990062858401361,in_time,0,0.17166071710979464,The Quad / Aula Maxima,0.03564829824278656,-0.009121466566202892,-0.012510740648013333,-0.01756251991294981,-0.018841251876632856,-0.030262378989504127,-0.06792323770910375
172,12.323765993597018,timeout,0,0.17007868922012914,Glucksman Gallery,0.03674637842380662,-0.009121466566202892,-0.012510740648013333,-0.01756251991294981,-0.018841251876632856,-0.030262378989504127,-0.06792323770910375
173,6.289330468915867,in_time,1,0.18148170359417948,Glucksman Gallery,0.02874283028660389,-0.009121466566202892,-0.012510740648013333,-0.01756251991294981,-0.018841251876632856,-0.030262378989504127,-0.06792323770910375
174,9.131144538181282,in_time,1,0.18273900302806098,Glucksman Gallery,0.027850553269010574,-0.009121466566202892,-0.012510740648013333,-0.01756251991294981,-0.018841251876632856,-0.030262378989504127,-0.06792323770910375
175,5.292642121837815,in_time,0,0.16347220921684608,Geography Building,0.027850553269010574,-0.009121466566202892,-0.012510740648013333,-0.01756251991294981,-0.018841251876632856,-0.030262378989504127,-0.053797717718132174
176,10.41252265115608,timeout,0,0.16189894833603985,Glucksman Gallery,0.028979350313535216,-0.009121466566202892,-0.012510740648013333,-0.01756251991294981,-0.018841251876632856,-0.030262378989504127,-0.053797717718132174
177,6.291402403951246,in_time,1,0.17287787002028718,Honan Collegiate Chapel,0.028979350313535216,-0.01665659780257639,-0.012510740648013333,-0.01756251991294981,-0.018841251876632856,-0.030262378989504127,-0.053797717718132174
178,7.444216457966918,in_time,1,0.17960512013020694,Honan Collegiate Chapel,0.028979350313535216,-0.021325959238441976,-0.012510740648013333,-0.01756251991294981,-0.018841251876632856,-0.030262378989504127,-0.053797717718132174
179,6.98264363358869,in_time,0,0.16686480097201162,The Quad / Aula Maxima,0.028979350313535216,-0.021325959238441976,-0.012510740648013333,-0.00792119730674797,-0.018841251876632856,-0.030262378989504127,-0.053797717718132174
180,7.011866024992556,in_time,0,0.15449400715829603,The Quad / Aula Maxima,0.028979350313535216,-0.021325959238441976,-0.012510740648013333,0.001538165320872224,-0.018841251876632856,-0.030262378989504127,-0.053797717718132174
181,6.311676678257729,in_time,1,0.16550220863698134,The Quad / Aula Maxima,0.028979350313535216,-0.021325959238441976,-0.012510740648013333,-0.006966365785404497,-0.018841251876632856,-0.030262378989504127,-0.053797717718132174
182,14.175821537335827,timeout,0,0.1639199396627823,Glucksman Gallery,0.030126992442038657,-0.021325959238441976,-0.012510740648013333,-0.006966365785404497,-0.018841251876632856,-0.030262378989504127,-0.053797717718132174
183,9.063830789836688,in_time,0,0.15850162575049434,Honan Collegiate Chapel,0.030126992442038657,-0.01752295287565438,-0.012510740648013333,-0.006966365785404497,-0.018841251876632856,-0.030262378989504127,-0.053797717718132174
184,3.3320155074490367,in_time,1,0.1802069985443607,Glucksman Gallery,0.014213619396400794,-0.01752295287565438,-0.012510740648013333,-0.006966365785404497,-0.018841251876632856,-0.030262378989504127,-0.053797717718132174
185,4.184686403926114,in_time,0,0.15807954986360676,Glucksman Gallery,0.030610218059117726,-0.01752295287565438,-0.012510740648013333,-0.006966365785404497,-0.018841251876632856,-0.030262378989504127,-0.053797717718132174
186,9.14161728030641,in_time,1,0.15888884501499662,Student Centre,0.030610218059117726,-0.01752295287565438,-0.012510740648013333,-0.006966365785404497,-0.018841251876632856,-0.03083671748403887,-0.053797717718132174
187,7.575341317713975,in_time,1,0.16536762887783193,The Quad / Aula Maxima,0.030610218059117726,-0.01752295287565438,-0.012510740648013333,-0.012022977580788151,-0.018841251876632856,-0.03083671748403887,-0.053797717718132174
188,10.092292492274067,timeout,0,0.16324625187509412,Honan Collegiate Chapel,0.030610218059117726,-0.016017459518872696,-0.012510740648013333,-0.012022977580788151,-0.018841251876632856,-0.03083671748403887,-0.053797717718132174
189,8.302508236753775,in_time,0,0.155228540730842,Brookfield Health Sciences Complex,0.030610218059117726,-0.016017459518872696,-0.012510740648013333,-0.012022977580788151,-0.013025892267516416,-0.03083671748403887,-0.053797717718132174
190,7.726300937571464,in_time,1,0.16116588755758485,Honan Collegiate Chapel,0.030610218059117726,-0.020277439304876525,-0.012510740648013333,-0.012022977580788151,-0.013025892267516416,-0.03083671748403887,-0.053797717718132174
191,3.749946088699641,in_time,1,0.1808888938225778,Brookfield Health Sciences Complex,0.030610218059117726,-0.020277439304876525,-0.012510740648013333,-0.012022977580788151,-0.027485886079047624,-0.03083671748403887,-0.053797717718132174
192,9.120889961803694,in_time,0,0.175125462879549,Geography Building,0.030610218059117726,-0.020277439304876525,-0.012510740648013333,-0.012022977580788151,-0.027485886079047624,-0.03083671748403887,-0.04952697392581588
193,6.069019797842096,in_time,1,0.1866172507789116,Boole Library,0.030610218059117726,-0.020277439304876525,-0.021026238156174097,-0.012022977580788151,-0.027485886079047624,-0.03083671748403887,-0.04952697392581588
194,5.608867216391923,in_time,1,0.19946655314820894,Boole Library,0.030610218059117726,-0.020277439304876525,-0.030648758022290546,-0.012022977580788151,-0.027485886079047624,-0.03083671748403887,-0.04952697392581588
195,3.6476981454791626,in_time,0,0.1754616993224607,Glucksman Gallery,0.04858685026705878,-0.020277439304876525,-0.030648758022290546,-0.012022977580788151,-0.027485886079047624,-0.03083671748403887,-0.04952697392581588
196,6.739904342174143,in_time,0,0.16171300421867665,Student Centre,0.04858685026705878,-0.020277439304876525,-0.030648758022290546,-0.012022977580788151,-0.027485886079047624,-0.020972182880427015,-0.04952697392581588
197,5.199051806168564,in_time,1,0.17614757789512817,Boole Library,0.04858685026705878,-0.020277439304876525,-0.04157221918284844,-0.012022977580788151,-0.027485886079047624,-0.020972182880427015,-0.04952697392581588
198,9.573495467021123,in_time,0,0.1723813019287978,Student Centre,0.04858685026705878,-0.020277439304876525,-0.04157221918284844,-0.012022977580788151,-0.027485886079047624,-0.01824044950448902,-0.04952697392581588
199,7.798446148773094,in_time,0,0.16242191615036783,Brookfield Health Sciences Complex,0.04858685026705878,-0.020277439304876525,-0.04157221918284844,-0.012022977580788151,-0.02010590956697362,-0.01824044950448902,-0.04952697392581588
200,6.707355679436682,in_time,1,0.17148294122679109,Boole Library,0.04858685026705878,-0.020277439304876525,-0.048500757744441694,-0.012022977580788151,-0.02010590956697362,-0.01824044950448902,-0.04952697392581588
