round,time_limit,player,landmark,minutes_used,timing_tag,is_correct,player_Novice,player_Average,player_Expert,landmark_Glucksman Gallery,landmark_Honan Collegiate Chapel,landmark_Boole Library,landmark_The Quad / Aula Maxima,landmark_Brookfield Health Sciences Complex,landmark_Student Centre,landmark_Geography Building
1,5,Novice,Brookfield Health Sciences Complex,17.95984284935016,timeout,0,1.174320095742587e-07,0.0,0.0,0.0,0.0,0.0,0.0,-1.174320095742587e-07,0.0,0.0
2,5,Average,Geography Building,9.680111325159343,timeout,0,1.174320095742587e-07,1.174320095742587e-07,0.0,0.0,0.0,0.0,0.0,-1.174320095742587e-07,0.0,-1.174320095742587e-07
3,5,Expert,Geography Building,7.196029694989852,timeout,0,1.174320095742587e-07,1.174320095742587e-07,1.1725594958988948e-07,0.0,0.0,0.0,0.0,-1.174320095742587e-07,0.0,-2.3627249902347101e-07
4,5,Expert,The Quad / Aula Maxima,3.523875658920336,in_time,1,1.174320095742587e-07,1.174320095742587e-07,0.006227635660368872,0.0,0.0,0.0,-0.006144484825693692,-1.174320095742587e-07,0.0,-2.3627249902347101e-07
5,5,Average,Geography Building,9.228190617355565,timeout,0,1.174320095742587e-07,2.3592037905473258e-07,0.006227635660368872,0.0,0.0,0.0,-0.006144484825693692,-1.174320095742587e-07,0.0,-3.5634540836326776e-07
6,5,Novice,Brookfield Health Sciences Complex,13.351377232551291,timeout,0,2.360964390391018e-07,2.3592037905473258e-07,0.006227635660368872,0.0,0.0,0.0,-0.006144484825693692,-2.360964390391018e-07,0.0,-3.5634540836326776e-07
7,5,Expert,Brookfield Health Sciences Complex,4.939181863602661,in_time,0,2.360964390391018e-07,2.3592037905473258e-07,0.005924599616289168,0.0,0.0,0.0,-0.006144484825693692,0.00030279994764066524,0.0,-3.5634540836326776e-07
8,5,Average,Geography Building,8.564883124526343,timeout,0,2.360964390391018e-07,3.5564116842579094e-07,0.005924599616289168,0.0,0.0,0.0,-0.006144484825693692,0.00030279994764066524,0.0,-4.776507375936489e-07
9,5,Expert,Honan Collegiate Chapel,5.66598457146272,timeout,0,2.360964390391018e-07,3.5564116842579094e-07,0.005881954941773118,0.0,4.0978384773744374e-05,0.0,-0.006144484825693692,0.00030279994764066524,0.0,-4.776507375936489e-07
10,5,Expert,Boole Library,5.019935201942997,timeout,0,2.360964390391018e-07,3.5564116842579094e-07,0.00583912705613199,0.0,4.0978384773744374e-05,4.0622157625275433e-05,-0.006144484825693692,0.00030279994764066524,0.0,-4.776507375936489e-07
11,5,Novice,Student Centre,11.971567573522014,timeout,0,3.563454083632677e-07,3.5564116842579094e-07,0.00583912705613199,0.0,4.0978384773744374e-05,4.0622157625275433e-05,-0.006144484825693692,0.00030279994764066524,-1.1707988960552028e-07,-4.776507375936489e-07
12,5,Novice,The Quad / Aula Maxima,15.367260356192487,timeout,0,-4.380958933309919e-05,3.5564116842579094e-07,0.00583912705613199,0.0,4.0978384773744374e-05,4.0622157625275433e-05,-0.006101471045771572,0.00030279994764066524,-1.1707988960552028e-07,-4.776507375936489e-07
13,5,Novice,Brookfield Health Sciences Complex,19.939067156772083,timeout,0,-4.1296668889080116e-05,3.5564116842579094e-07,0.00583912705613199,0.0,4.0978384773744374e-05,4.0622157625275433e-05,-0.006101471045771572,0.0003003195218575602,-1.1707988960552028e-07,-4.776507375936489e-07
14,5,Average,The Quad / Aula Maxima,7.8149516361230456,timeout,0,-4.1296668889080116e-05,-4.3437568737574306e-05,0.00583912705613199,0.0,4.0978384773744374e-05,4.0622157625275433e-05,-0.006058249880697436,0.0003003195218575602,-1.1707988960552028e-07,-4.776507375936489e-07
15,5,Average,Boole Library,7.1100567292932295,timeout,0,-4.1296668889080116e-05,-4.282633737139551e-05,0.00583912705613199,0.0,4.0978384773744374e-05,4.003456987927833e-05,-0.006058249880697436,0.0003003195218575602,-1.1707988960552028e-07,-4.776507375936489e-07
16,5,Expert,Honan Collegiate Chapel,7.478894618868619,timeout,0,-4.1296668889080116e-05,-4.282633737139551e-05,0.005796486599979399,0.0,8.144454004603395e-05,4.003456987927833e-05,-0.006058249880697436,0.0003003195218575602,-1.1707988960552028e-07,-4.776507375936489e-07
17,5,Average,Honan Collegiate Chapel,4.769918164735444,in_time,1,-4.1296668889080116e-05,0.0009718843616508491,0.005796486599979399,0.0,-0.000894404898162593,4.003456987927833e-05,-0.006058249880697436,0.0003003195218575602,-1.1707988960552028e-07,-4.776507375936489e-07
18,5,Expert,The Quad / Aula Maxima,5.916518070758791,timeout,0,-4.1296668889080116e-05,0.0009718843616508491,0.005708564794812264,0.0,-0.000894404898162593,4.003456987927833e-05,-0.005973662188928494,0.0003003195218575602,-1.1707988960552028e-07,-4.776507375936489e-07
19,5,Average,Honan Collegiate Chapel,6.319847747061918,timeout,0,-4.1296668889080116e-05,0.0009580427195413802,0.005708564794812264,0.0,-0.0008810881497848034,4.003456987927833e-05,-0.005973662188928494,0.0003003195218575602,-1.1707988960552028e-07,-4.776507375936489e-07
20,5,Novice,Glucksman Gallery,11.23292053785403,timeout,0,-4.099262681878279e-05,0.0009580427195413802,0.005708564794812264,-2.8469002904785153e-07,-0.0008810881497848034,4.003456987927833e-05,-0.005973662188928494,0.0003003195218575602,-1.1707988960552028e-07,-4.776507375936489e-07
21,5,Average,Glucksman Gallery,11.575255658001545,timeout,0,-4.099262681878279e-05,0.000950835298307622,0.005708564794812264,6.383671998861472e-06,-0.0008810881497848034,4.003456987927833e-05,-0.005973662188928494,0.0003003195218575602,-1.1707988960552028e-07,-4.776507375936489e-07
22,5,Expert,Boole Library,6.4067706668423146,timeout,0,-4.099262681878279e-05,0.000950835298307622,0.005665991862109439,6.383671998861472e-06,-0.0008810881497848034,7.995038472963855e-05,-0.005973662188928494,0.0003003195218575602,-1.1707988960552028e-07,-4.776507375936489e-07
23,5,Average,Glucksman Gallery,10.440765261020287,timeout,0,-4.099262681878279e-05,0.0009436633681988182,0.005665991862109439,1.302434802553165e-05,-0.0008810881497848034,7.995038472963855e-05,-0.005973662188928494,0.0003003195218575602,-1.1707988960552028e-07,-4.776507375936489e-07
24,5,Novice,Honan Collegiate Chapel,7.261190156751661,timeout,0,-4.721458292041624e-05,0.0009436633681988182,0.005665991862109439,1.302434802553165e-05,-0.0008750237115591607,7.995038472963855e-05,-0.005973662188928494,0.0003003195218575602,-1.1707988960552028e-07,-4.776507375936489e-07
25,5,Novice,Student Centre,11.102314498643636,timeout,0,-4.6860643154642996e-05,0.0009436633681988182,0.005665991862109439,1.302434802553165e-05,-0.0008750237115591607,7.995038472963855e-05,-0.005973662188928494,0.0003003195218575602,-4.4454770613810976e-07,-4.776507375936489e-07
26,5,Average,The Quad / Aula Maxima,2.209595216427231,in_time,0,-4.6860643154642996e-05,-0.011927719211218381,0.005665991862109439,1.302434802553165e-05,-0.0008750237115591607,7.995038472963855e-05,0.006109676559095816,0.0003003195218575602,-4.4454770613810976e-07,-4.776507375936489e-07
27,5,Novice,Honan Collegiate Chapel,14.019743004896162,timeout,0,-5.3123626483907665e-05,-0.011927719211218381,0.005665991862109439,1.302434802553165e-05,-0.0008689936490975133,7.995038472963855e-05,0.006109676559095816,0.0003003195218575602,-4.4454770613810976e-07,-4.776507375936489e-07
28,5,Expert,Brookfield Health Sciences Complex,6.942053571471562,timeout,0,-5.3123626483907665e-05,-0.011927719211218381,0.005625358150586798,1.302434802553165e-05,-0.0008689936490975133,7.995038472963855e-05,0.006109676559095816,0.0003389411101136059,-4.4454770613810976e-07,-4.776507375936489e-07
29,5,Average,The Quad / Aula Maxima,6.403305618450581,timeout,0,-5.3123626483907665e-05,-0.011788308196850594,0.005625358150586798,1.302434802553165e-05,-0.0008689936490975133,7.995038472963855e-05,0.005978720390612868,0.0003389411101136059,-4.4454770613810976e-07,-4.776507375936489e-07
30,5,Expert,Brookfield Health Sciences Complex,7.7256235177079216,timeout,0,-5.3123626483907665e-05,-0.011788308196850594,0.005584939162304921,1.302434802553165e-05,-0.0008689936490975133,7.995038472963855e-05,0.005978720390612868,0.0003773776957004586,-4.4454770613810976e-07,-4.776507375936489e-07
31,5,Novice,Glucksman Gallery,12.129806902567216,timeout,0,-5.26165112375434e-05,-0.011788308196850594,0.005584939162304921,1.2554439604308241e-05,-0.0008689936490975133,7.995038472963855e-05,0.005978720390612868,0.0003773776957004586,-4.4454770613810976e-07,-4.776507375936489e-07
32,5,Average,Student Centre,11.57643964462797,timeout,0,-5.26165112375434e-05,-0.011695847997859795,0.005584939162304921,1.2554439604308241e-05,-0.0008689936490975133,7.995038472963855e-05,0.005978720390612868,0.0003773776957004586,-8.295882887721005e-05,-4.776507375936489e-07
33,5,Novice,The Quad / Aula Maxima,11.174863008313052,timeout,0,-6.06224242195987e-06,-0.011695847997859795,0.005584939162304921,1.2554439604308241e-05,-0.0008689936490975133,7.995038472963855e-05,0.0059344278676506735,0.0003773776957004586,-8.295882887721005e-05,-4.776507375936489e-07
34,5,Average,Honan Collegiate Chapel,8.03562195368316,timeout,0,-6.06224242195987e-06,-0.011610474407297268,0.005584939162304921,1.2554439604308241e-05,-0.0009482771816806792,7.995038472963855e-05,0.0059344278676506735,0.0003773776957004586,-8.295882887721005e-05,-4.776507375936489e-07
35,5,Novice,Brookfield Health Sciences Complex,7.442294847404105,timeout,0,-3.070614934754821e-06,-0.011610474407297268,0.005584939162304921,1.2554439604308241e-05,-0.0009482771816806792,7.995038472963855e-05,0.0059344278676506735,0.0003745658055122178,-8.295882887721005e-05,-4.776507375936489e-07
36,5,Novice,Glucksman Gallery,13.009469772313421,timeout,0,-2.9488509121034164e-06,-0.011610474407297268,0.005584939162304921,1.2444226318983451e-05,-0.0009482771816806792,7.995038472963855e-05,0.0059344278676506735,0.0003745658055122178,-8.295882887721005e-05,-4.776507375936489e-07
37,5,Average,Honan Collegiate Chapel,8.312460733152074,timeout,0,-2.9488509121034164e-06,-0.011525621730797539,0.005584939162304921,1.2444226318983451e-05,-0.001027132417694825,7.995038472963855e-05,0.0059344278676506735,0.0003745658055122178,-8.295882887721005e-05,-4.776507375936489e-07
38,5,Average,Honan Collegiate Chapel,5.102308970973458,timeout,0,-2.9488509121034164e-06,-0.011441306358042663,0.005584939162304921,1.2444226318983451e-05,-0.001105542433603055,7.995038472963855e-05,0.0059344278676506735,0.0003745658055122178,-8.295882887721005e-05,-4.776507375936489e-07
39,5,Average,Student Centre,11.698531070833422,timeout,0,-2.9488509121034164e-06,-0.011348547317683587,0.005584939162304921,1.2444226318983451e-05,-0.001105542433603055,7.995038472963855e-05,0.0059344278676506735,0.0003745658055122178,-0.0001629398381664142,-4.776507375936489e-07
40,5,Expert,Boole Library,7.167036129380987,timeout,0,-2.9488509121034164e-06,-0.011348547317683587,0.005542275585455592,1.2444226318983451e-05,-0.001105542433603055,0.000119001319990919,0.0059344278676506735,0.0003745658055122178,-0.0001629398381664142,-4.776507375936489e-07
41,5,Novice,Glucksman Gallery,16.306322973653707,timeout,0,-2.8244878253058865e-06,-0.011348547317683587,0.005542275585455592,1.2331552712929293e-05,-0.001105542433603055,0.000119001319990919,0.0059344278676506735,0.0003745658055122178,-0.0001629398381664142,-4.776507375936489e-07
42,5,Average,Honan Collegiate Chapel,12.203475354295643,timeout,0,-2.8244878253058865e-06,-0.011264683301784397,0.005542275585455592,1.2331552712929293e-05,-0.00118268452456376,0.000119001319990919,0.0059344278676506735,0.0003745658055122178,-0.0001629398381664142,-4.776507375936489e-07
43,5,Novice,Honan Collegiate Chapel,9.36085052333559,timeout,0,-1.2275656956139984e-05,-0.011264683301784397,0.005542275585455592,1.2331552712929293e-05,-0.001173675802882484,0.000119001319990919,0.0059344278676506735,0.0003745658055122178,-0.0001629398381664142,-4.776507375936489e-07
44,5,Average,Honan Collegiate Chapel,11.90971925808453,timeout,0,-1.2275656956139984e-05,-0.011181433055059887,0.005542275585455592,1.2331552712929293e-05,-0.0012512498964212325,0.000119001319990919,0.0059344278676506735,0.0003745658055122178,-0.0001629398381664142,-4.776507375936489e-07
45,5,Expert,Glucksman Gallery,4.538468304266182,in_time,1,-1.2275656956139984e-05,-0.011181433055059887,0.007659675839897384,-0.00197785506828443,-0.0012512498964212325,0.000119001319990919,0.0059344278676506735,0.0003745658055122178,-0.0001629398381664142,-4.776507375936489e-07
46,5,Novice,Student Centre,16.8393412212956,timeout,0,-1.3504497321795499e-05,-0.011181433055059887,0.007659675839897384,-0.00197785506828443,-0.0012512498964212325,0.000119001319990919,0.0059344278676506735,0.0003745658055122178,-0.00016186636842170364,-4.776507375936489e-07
47,5,Expert,Boole Library,4.9474229329164485,in_time,1,-1.3504497321795499e-05,-0.011181433055059887,0.007849470069947384,-0.00197785506828443,-0.0012512498964212325,-5.2788714323112905e-05,0.0059344278676506735,0.0003745658055122178,-0.00016186636842170364,-4.776507375936489e-07
48,5,Novice,Honan Collegiate Chapel,10.180698715368454,timeout,0,-2.3599856779918946e-05,-0.011181433055059887,0.007849470069947384,-0.00197785506828443,-0.0012416186914209538,-5.2788714323112905e-05,0.0059344278676506735,0.0003745658055122178,-0.00016186636842170364,-4.776507375936489e-07
49,5,Expert,The Quad / Aula Maxima,9.517054729796467,timeout,0,-2.3599856779918946e-05,-0.011181433055059887,0.007834229529721338,-0.00197785506828443,-0.0012416186914209538,-5.2788714323112905e-05,0.005948591196918334,0.0003745658055122178,-0.00016186636842170364,-4.776507375936489e-07
50,5,Expert,Student Centre,5.634459217584497,timeout,0,-2.3599856779918946e-05,-0.011181433055059887,0.007769761281329138,-0.00197785506828443,-0.0012416186914209538,-5.2788714323112905e-05,0.005948591196918334,0.0003745658055122178,-0.000104144797186827,-4.776507375936489e-07
51,5,Novice,Brookfield Health Sciences Complex,12.208678917004482,timeout,0,-2.0298399015411316e-05,-0.011181433055059887,0.007769761281329138,-0.00197785506828443,-0.0012416186914209538,-5.2788714323112905e-05,0.005948591196918334,0.0003716376281482198,-0.000104144797186827,-4.776507375936489e-07
52,5,Expert,Boole Library,4.228331318430305,in_time,1,-2.0298399015411316e-05,-0.011181433055059887,0.011477571033945954,-0.00197785506828443,-0.0012416186914209538,-0.003333868444260246,0.005948591196918334,0.0003716376281482198,-0.000104144797186827,-4.776507375936489e-07
53,5,Expert,Brookfield Health Sciences Complex,6.243317242458549,timeout,0,-2.0298399015411316e-05,-0.011181433055059887,0.01138652626602671,-0.00197785506828443,-0.0012416186914209538,-0.003333868444260246,0.005948591196918334,0.0004543530145043312,-0.000104144797186827,-4.776507375936489e-07
54,5,Average,Boole Library,8.624921496176663,timeout,0,-2.0298399015411316e-05,-0.011115628226156214,0.01138652626602671,-0.00197785506828443,-0.0012416186914209538,-0.0033908447992240472,0.005948591196918334,0.0004543530145043312,-0.000104144797186827,-4.776507375936489e-07
55,5,Novice,Glucksman Gallery,12.582036903718322,timeout,0,-3.669293165588705e-05,-0.011115628226156214,0.01138652626602671,-0.001963479265409386,-0.0012416186914209538,-0.0033908447992240472,0.005948591196918334,0.0004543530145043312,-0.000104144797186827,-4.776507375936489e-07
56,5,Expert,Honan Collegiate Chapel,6.499270187649228,timeout,0,-3.669293165588705e-05,-0.011115628226156214,0.011282608261268211,-0.001963479265409386,-0.0011424361906767666,-0.0033908447992240472,0.005948591196918334,0.0004543530145043312,-0.000104144797186827,-4.776507375936489e-07
57,5,Average,The Quad / Aula Maxima,9.56157110075786,timeout,0,-3.669293165588705e-05,-0.010971473920860744,0.011282608261268211,-0.001963479265409386,-0.0011424361906767666,-0.0033908447992240472,0.0058220340263013485,0.0004543530145043312,-0.000104144797186827,-4.776507375936489e-07
58,5,Expert,Glucksman Gallery,7.844047813185532,timeout,0,-3.669293165588705e-05,-0.010971473920860744,0.011171811554322024,-0.0018651006202628961,-0.0011424361906767666,-0.0033908447992240472,0.0058220340263013485,0.0004543530145043312,-0.000104144797186827,-4.776507375936489e-07
59,5,Average,Glucksman Gallery,6.79992532180869,timeout,0,-3.669293165588705e-05,-0.010893880460655113,0.011171811554322024,-0.001933303184917968,-0.0011424361906767666,-0.0033908447992240472,0.0058220340263013485,0.0004543530145043312,-0.000104144797186827,-4.776507375936489e-07
60,5,Novice,Geography Building,14.731685099518469,timeout,0,-3.6385709462104284e-05,-0.010893880460655113,0.011171811554322024,-0.001933303184917968,-0.0011424361906767666,-0.0033908447992240472,0.0058220340263013485,0.0004543530145043312,-0.000104144797186827,-7.339833655350957e-07
61,5,Novice,Brookfield Health Sciences Complex,9.49323609112379,timeout,0,-3.2204208000843334e-05,-0.010893880460655113,0.011171811554322024,-0.001933303184917968,-0.0011424361906767666,-0.0033908447992240472,0.0058220340263013485,0.0004506775871808024,-0.000104144797186827,-7.339833655350957e-07
62,5,Expert,The Quad / Aula Maxima,4.418139891392151,in_time,1,-3.2204208000843334e-05,-0.010893880460655113,0.014072339692372739,-0.001933303184917968,-0.0011424361906767666,-0.0033908447992240472,0.00324378679247849,0.0004506775871808024,-0.000104144797186827,-7.339833655350957e-07
63,5,Expert,Boole Library,7.534892247699363,timeout,0,-3.2204208000843334e-05,-0.010893880460655113,0.01392317802406061,-0.001933303184917968,-0.0011424361906767666,-0.0032629659543174303,0.00324378679247849,0.0004506775871808024,-0.000104144797186827,-7.339833655350957e-07
64,5,Average,Student Centre,12.667720345711302,timeout,0,-3.2204208000843334e-05,-0.010800707320610801,0.01392317802406061,-0.001933303184917968,-0.0011424361906767666,-0.0032629659543174303,0.00324378679247849,0.0004506775871808024,-0.00018214498921427188,-7.339833655350957e-07
65,5,Novice,Glucksman Gallery,11.823624556322683,timeout,0,-4.854177348691201e-05,-0.010800707320610801,0.01392317802406061,-0.0019189261272902277,-0.0011424361906767666,-0.0032629659543174303,0.00324378679247849,0.0004506775871808024,-0.00018214498921427188,-7.339833655350957e-07
66,5,Novice,The Quad / Aula Maxima,13.896010000391138,timeout,0,-1.9973984846981107e-05,-0.010800707320610801,0.01392317802406061,-0.0019189261272902277,-0.0011424361906767666,-0.0032629659543174303,0.003218922870793076,0.0004506775871808024,-0.00018214498921427188,-7.339833655350957e-07
67,5,Novice,Geography Building,16.482832480500655,timeout,0,-1.9802474876339472e-05,-0.010800707320610801,0.01392317802406061,-0.0019189261272902277,-0.0011424361906767666,-0.0032629659543174303,0.003218922870793076,0.0004506775871808024,-0.00018214498921427188,-8.726510013730147e-07
68,5,Novice,Honan Collegiate Chapel,9.196926534059378,timeout,0,-2.968399071779615e-05,-0.010800707320610801,0.01392317802406061,-0.0019189261272902277,-0.001133607143978187,-0.0032629659543174303,0.003218922870793076,0.0004506775871808024,-0.00018214498921427188,-8.726510013730147e-07
69,5,Novice,Honan Collegiate Chapel,12.20224066517456,timeout,0,-3.9481308787284056e-05,-0.010800707320610801,0.01392317802406061,-0.0019189261272902277,-0.001124844753873786,-0.0032629659543174303,0.003218922870793076,0.0004506775871808024,-0.00018214498921427188,-8.726510013730147e-07
70,5,Average,Honan Collegiate Chapel,10.572286316531134,timeout,0,-3.9481308787284056e-05,-0.010717354316459897,0.01392317802406061,-0.0019189261272902277,-0.0012027551193014155,-0.0032629659543174303,0.003218922870793076,0.0004506775871808024,-0.00018214498921427188,-8.726510013730147e-07
71,5,Average,The Quad / Aula Maxima,5.225242435291717,timeout,0,-3.9481308787284056e-05,-0.010595413469950856,0.01392317802406061,-0.0019189261272902277,-0.0012027551193014155,-0.0032629659543174303,0.0031126601331209116,0.0004506775871808024,-0.00018214498921427188,-8.726510013730147e-07
72,5,Expert,The Quad / Aula Maxima,5.162118609801329,timeout,0,-3.9481308787284056e-05,-0.010595413469950856,0.01383050107711017,-0.0019189261272902277,-0.0012027551193014155,-0.0032629659543174303,0.0031962157766655384,0.0004506775871808024,-0.00018214498921427188,-8.726510013730147e-07
73,5,Novice,Geography Building,10.628549995045733,timeout,0,-3.91320905644612e-05,-0.010595413469950856,0.01383050107711017,-0.0019189261272902277,-0.0012027551193014155,-0.0032629659543174303,0.0031962157766655384,0.0004506775871808024,-0.00018214498921427188,-1.1495340341980407e-06
74,5,Novice,The Quad / Aula Maxima,9.7094004862368,timeout,0,-9.811771030040735e-06,-0.010595413469950856,0.01383050107711017,-0.0019189261272902277,-0.0012027551193014155,-0.0032629659543174303,0.003171141848236103,0.0004506775871808024,-0.00018214498921427188,-1.1495340341980407e-06
75,5,Average,Student Centre,9.962797361936179,timeout,0,-9.811771030040735e-06,-0.010502996380274294,0.01383050107711017,-0.0019189261272902277,-0.0012027551193014155,-0.0032629659543174303,0.003171141848236103,0.0004506775871808024,-0.0002579660522235642,-1.1495340341980407e-06
76,5,Average,Honan Collegiate Chapel,4.649144830350983,in_time,1,-9.811771030040735e-06,-0.008556732880180024,0.01383050107711017,-0.0019189261272902277,-0.0029841586523288778,-0.0032629659543174303,0.003171141848236103,0.0004506775871808024,-0.0002579660522235642,-1.1495340341980407e-06
77,5,Novice,The Quad / Aula Maxima,12.470107428906708,timeout,0,1.9247546077311337e-05,-0.008556732880180024,0.01383050107711017,-0.0019189261272902277,-0.0029841586523288778,-0.0032629659543174303,0.003146257529937789,0.0004506775871808024,-0.0002579660522235642,-1.1495340341980407e-06
78,5,Novice,The Quad / Aula Maxima,13.88421905196539,timeout,0,4.80420775421652e-05,-0.008556732880180024,0.01383050107711017,-0.0019189261272902277,-0.0029841586523288778,-0.0032629659543174303,0.0031215671963966585,0.0004506775871808024,-0.0002579660522235642,-1.1495340341980407e-06
79,5,Expert,Student Centre,6.596000201766391,timeout,0,4.80420775421652e-05,-0.008556732880180024,0.013707962385522321,-0.0019189261272902277,-0.0029841586523288778,-0.0032629659543174303,0.0031215671963966585,0.0004506775871808024,-0.0001539182290669365,-1.1495340341980407e-06
80,5,Expert,Brookfield Health Sciences Complex,0.5961083076583717,in_time,1,4.80420775421652e-05,-0.008556732880180024,0.036739780115472,-0.0019189261272902277,-0.0029841586523288778,-0.0032629659543174303,0.0031215671963966585,-0.01937695146928005,-0.0001539182290669365,-1.1495340341980407e-06
81,5,Average,Geography Building,9.462835800053945,timeout,0,4.80420775421652e-05,-0.008479376524906847,0.036739780115472,-0.0019189261272902277,-0.0029841586523288778,-0.0032629659543174303,0.0031215671963966585,-0.01937695146928005,-0.0001539182290669365,-6.326633083765863e-05
82,5,Average,Geography Building,9.45368405878213,timeout,0,4.80420775421652e-05,-0.008402667549423173,0.036739780115472,-0.0019189261272902277,-0.0029841586523288778,-0.0032629659543174303,0.0031215671963966585,-0.01937695146928005,-0.0001539182290669365,-0.0001249841808268095
83,5,Expert,Brookfield Health Sciences Complex,6.202722893828432,timeout,0,4.80420775421652e-05,-0.008402667549423173,0.0362441863549898,-0.0019189261272902277,-0.0029841586523288778,-0.0032629659543174303,0.0031215671963966585,-0.01894973562150589,-0.0001539182290669365,-0.0001249841808268095
84,5,Average,Glucksman Gallery,11.152102501795815,timeout,0,4.80420775421652e-05,-0.008343233419611708,0.0362441863549898,-0.0019680268231685623,-0.0029841586523288778,-0.0032629659543174303,0.0031215671963966585,-0.01894973562150589,-0.0001539182290669365,-0.0001249841808268095
85,5,Average,Glucksman Gallery,6.098714712588865,timeout,0,4.80420775421652e-05,-0.008284329326595596,0.0362441863549898,-0.002016770458201062,-0.0029841586523288778,-0.0032629659543174303,0.0031215671963966585,-0.01894973562150589,-0.0001539182290669365,-0.0001249841808268095
86,5,Average,Student Centre,8.13158180373681,timeout,0,4.80420775421652e-05,-0.008208276441290043,0.0362441863549898,-0.002016770458201062,-0.0029841586523288778,-0.0032629659543174303,0.0031215671963966585,-0.01894973562150589,-0.0002139644380665317,-0.0001249841808268095
87,5,Expert,The Quad / Aula Maxima,4.947281096976204,in_time,1,4.80420775421652e-05,-0.008208276441290043,0.036230988275844714,-0.002016770458201062,-0.0029841586523288778,-0.0032629659543174303,0.0031335090541425065,-0.01894973562150589,-0.0002139644380665317,-0.0001249841808268095
88,5,Average,Geography Building,7.265457434503659,timeout,0,4.80420775421652e-05,-0.008131990702881975,0.036230988275844714,-0.002016770458201062,-0.0029841586523288778,-0.0032629659543174303,0.0031335090541425065,-0.01894973562150589,-0.0002139644380665317,-0.00018459820156953774
89,5,Average,Honan Collegiate Chapel,10.151891073721371,timeout,0,4.80420775421652e-05,-0.008083461746920616,0.036230988275844714,-0.002016770458201062,-0.0030259310906646784,-0.0032629659543174303,0.0031335090541425065,-0.01894973562150589,-0.0002139644380665317,-0.00018459820156953774
90,5,Expert,Student Centre,5.770615651219359,timeout,0,4.80420775421652e-05,-0.008083461746920616,0.03590263314090163,-0.002016770458201062,-0.0030259310906646784,-0.0032629659543174303,0.0031335090541425065,-0.01894973562150589,5.972810793805091e-05,-0.00018459820156953774
91,5,Novice,Glucksman Gallery,15.770824726021278,timeout,0,2.8813515922250177e-05,-0.008083461746920616,0.03590263314090163,-0.002000832690683884,-0.0030259310906646784,-0.0032629659543174303,0.0031335090541425065,-0.01894973562150589,5.972810793805091e-05,-0.00018459820156953774
92,5,Novice,Boole Library,10.352259528372025,timeout,0,-2.2869196341108994e-06,-0.008083461746920616,0.03590263314090163,-0.002000832690683884,-0.0030259310906646784,-0.0032389634130942186,0.0031335090541425065,-0.01894973562150589,5.972810793805091e-05,-0.00018459820156953774
93,5,Novice,Honan Collegiate Chapel,12.73768634717783,timeout,0,-3.0759551507964387e-05,-0.008083461746920616,0.03590263314090163,-0.002000832690683884,-0.0030011435228718434,-0.0032389634130942186,0.0031335090541425065,-0.01894973562150589,5.972810793805091e-05,-0.00018459820156953774
94,5,Novice,Glucksman Gallery,10.476456235982322,timeout,0,-4.9577849799192085e-05,-0.008083461746920616,0.03590263314090163,-0.001985523584331369,-0.0030011435228718434,-0.0032389634130942186,0.0031335090541425065,-0.01894973562150589,5.972810793805091e-05,-0.00018459820156953774
95,5,Novice,Geography Building,11.326915905191115,timeout,0,-5.08844482884285e-05,-0.008083461746920616,0.03590263314090163,-0.001985523584331369,-0.0030011435228718434,-0.0032389634130942186,0.0031335090541425065,-0.01894973562150589,5.972810793805091e-05,-0.00018359539777747577
96,5,Novice,Honan Collegiate Chapel,9.617992577386381,timeout,0,-7.937287076502736e-05,-0.008083461746920616,0.03590263314090163,-0.001985523584331369,-0.0029768038997850404,-0.0032389634130942186,0.0031335090541425065,-0.01894973562150589,5.972810793805091e-05,-0.00018359539777747577
97,5,Expert,Glucksman Gallery,7.523497105408584,timeout,0,-7.937287076502736e-05,-0.008083461746920616,0.03556009383712797,-0.0016856043782622725,-0.0029768038997850404,-0.0032389634130942186,0.0031335090541425065,-0.01894973562150589,5.972810793805091e-05,-0.00018359539777747577
98,5,Novice,Brookfield Health Sciences Complex,7.46211989704236,timeout,0,-0.0002647304713047147,-0.008083461746920616,0.03556009383712797,-0.0016856043782622725,-0.0029768038997850404,-0.0032389634130942186,0.0031335090541425065,-0.018806835329255252,5.972810793805091e-05,-0.00018359539777747577
99,5,Novice,Boole Library,12.154538246866352,timeout,0,-0.0002942868939120464,-0.008083461746920616,0.03556009383712797,-0.0016856043782622725,-0.0029768038997850404,-0.003217214347402031,0.0031335090541425065,-0.018806835329255252,5.972810793805091e-05,-0.00018359539777747577
100,5,Novice,Geography Building,9.301711129827838,timeout,0,-0.00029317995309463833,-0.008083461746920616,0.03556009383712797,-0.0016856043782622725,-0.0029768038997850404,-0.003217214347402031,0.0031335090541425065,-0.018806835329255252,5.972810793805091e-05,-0.0001844221442004774
101,5,Average,Boole Library,8.468941840824238,timeout,0,-0.00029317995309463833,-0.008036776259624843,0.03556009383712797,-0.0016856043782622725,-0.0029768038997850404,-0.0032534070053055935,0.0031335090541425065,-0.018806835329255252,5.972810793805091e-05,-0.0001844221442004774
102,5,Novice,Honan Collegiate Chapel,13.474609669271736,timeout,0,-0.00031996027101757296,-0.008036776259624843,0.03556009383712797,-0.0016856043782622725,-0.00295455219512256,-0.0032534070053055935,0.0031335090541425065,-0.018806835329255252,5.972810793805091e-05,-0.0001844221442004774
103,5,Average,Honan Collegiate Chapel,11.42255125209415,timeout,0,-0.00031996027101757296,-0.007988230515435537,0.03556009383712797,-0.0016856043782622725,-0.0029973804470845547,-0.0032534070053055935,0.0031335090541425065,-0.018806835329255252,5.972810793805091e-05,-0.0001844221442004774
104,5,Novice,Brookfield Health Sciences Complex,15.03934656700433,timeout,0,-0.0005075207508234357,-0.007988230515435537,0.03556009383712797,-0.0016856043782622725,-0.0029973804470845547,-0.0032534070053055935,0.0031335090541425065,-0.01866606868578699,5.972810793805091e-05,-0.0001844221442004774
105,5,Novice,Honan Collegiate Chapel,7.097698345432917,timeout,0,-0.0005327305696862836,-0.007988230515435537,0.03556009383712797,-0.0016856043782622725,-0.002976372264698848,-0.0032534070053055935,0.0031335090541425065,-0.01866606868578699,5.972810793805091e-05,-0.0001844221442004774
106,5,Expert,Glucksman Gallery,5.895284967096823,timeout,0,-0.0005327305696862836,-0.007988230515435537,0.03522064620875929,-0.0013880542857379525,-0.002976372264698848,-0.0032534070053055935,0.0031335090541425065,-0.01866606868578699,5.972810793805091e-05,-0.0001844221442004774
107,5,Expert,Boole Library,6.207983844834507,timeout,0,-0.0005327305696862836,-0.007988230515435537,0.034864796331561636,-0.0013880542857379525,-0.002976372264698848,-0.002962475686785892,0.0031335090541425065,-0.01866606868578699,5.972810793805091e-05,-0.0001844221442004774
108,5,Novice,Glucksman Gallery,12.69101000507224,timeout,0,-0.0005415154581239292,-0.007988230515435537,0.034864796331561636,-0.0013812740625117371,-0.002976372264698848,-0.002962475686785892,0.0031335090541425065,-0.01866606868578699,5.972810793805091e-05,-0.0001844221442004774
109,5,Novice,Brookfield Health Sciences Complex,14.594455179209477,timeout,0,-0.0007297423731649779,-0.007988230515435537,0.034864796331561636,-0.0013812740625117371,-0.002976372264698848,-0.002962475686785892,0.0031335090541425065,-0.018527116820721584,5.972810793805091e-05,-0.0001844221442004774
110,5,Expert,Student Centre,5.616248638771109,timeout,0,-0.0007297423731649779,-0.007988230515435537,0.03453997525962569,-0.0013812740625117371,-0.002976372264698848,-0.002962475686785892,0.0031335090541425065,-0.018527116820721584,0.0003225576583326479,-0.0001844221442004774
111,5,Novice,Glucksman Gallery,12.361532905541278,timeout,0,-0.0007365359478027606,-0.007988230515435537,0.03453997525962569,-0.0013760685962308386,-0.002976372264698848,-0.002962475686785892,0.0031335090541425065,-0.018527116820721584,0.0003225576583326479,-0.0001844221442004774
112,5,Novice,Geography Building,16.987089669758888,timeout,0,-0.0007306984945226808,-0.007988230515435537,0.03453997525962569,-0.0013760685962308386,-0.002976372264698848,-0.002962475686785892,0.0031335090541425065,-0.018527116820721584,0.0003225576583326479,-0.0001885514953877654
113,5,Novice,Geography Building,19.957381531621728,timeout,0,-0.0007249268899611358,-0.007988230515435537,0.03453997525962569,-0.0013760685962308386,-0.002976372264698848,-0.002962475686785892,0.0031335090541425065,-0.018527116820721584,0.0003225576583326479,-0.00019264583326165984
114,5,Average,Student Centre,8.10095305421097,timeout,0,-0.0007249268899611358,-0.00790728727416783,0.03453997525962569,-0.0013760685962308386,-0.002976372264698848,-0.002962475686785892,0.0031335090541425065,-0.018527116820721584,0.0002595344715488068,-0.00019264583326165984
115,5,Expert,Glucksman Gallery,7.344432482658096,timeout,0,-0.0007249268899611358,-0.00790728727416783,0.03420478767453079,-0.0010812830861250562,-0.002976372264698848,-0.002962475686785892,0.0031335090541425065,-0.018527116820721584,0.0002595344715488068,-0.00019264583326165984
116,5,Average,Boole Library,7.09079334923964,timeout,0,-0.0007249268899611358,-0.00785871488121563,0.03420478767453079,-0.0010812830861250562,-0.002976372264698848,-0.0029999222718084255,0.0031335090541425065,-0.018527116820721584,0.0002595344715488068,-0.00019264583326165984
117,5,Novice,Boole Library,8.040448913874076,timeout,0,-0.0007493356863536035,-0.00785871488121563,0.03420478767453079,-0.0010812830861250562,-0.002976372264698848,-0.0029827650207519723,0.0031335090541425065,-0.018527116820721584,0.0002595344715488068,-0.00019264583326165984
118,5,Novice,Boole Library,12.31629397908503,timeout,0,-0.0007734613684031986,-0.00785871488121563,0.03420478767453079,-0.0010812830861250562,-0.002976372264698848,-0.0029657583924219298,0.0031335090541425065,-0.018527116820721584,0.0002595344715488068,-0.00019264583326165984
119,5,Novice,Glucksman Gallery,14.88098243384393,timeout,0,-0.0007767928814143177,-0.00785871488121563,0.03420478767453079,-0.0010787884594430056,-0.002976372264698848,-0.0029657583924219298,0.0031335090541425065,-0.018527116820721584,0.0002595344715488068,-0.00019264583326165984
120,5,Average,Student Centre,10.52126900475685,timeout,0,-0.0007767928814143177,-0.007778378391640146,0.03420478767453079,-0.0010787884594430056,-0.002976372264698848,-0.0029657583924219298,0.0031335090541425065,-0.018527116820721584,0.0001974639627610124,-0.00019264583326165984
121,5,Expert,Honan Collegiate Chapel,7.265127476401701,timeout,0,-0.0007767928814143177,-0.007778378391640146,0.03385663368935184,-0.0010787884594430056,-0.0026561015797789403,-0.0029657583924219298,0.0031335090541425065,-0.018527116820721584,0.0001974639627610124,-0.00019264583326165984
122,5,Average,Brookfield Health Sciences Complex,8.628969141823616,timeout,0,-0.0007767928814143177,-0.007885417087368955,0.03385663368935184,-0.0010787884594430056,-0.0026561015797789403,-0.0029657583924219298,0.0031335090541425065,-0.018443254913712296,0.0001974639627610124,-0.00019264583326165984
123,5,Expert,Student Centre,6.78106278503043,timeout,0,-0.0007767928814143177,-0.007885417087368955,0.033535142776394126,-0.0010787884594430056,-0.0026561015797789403,-0.0029657583924219298,0.0031335090541425065,-0.018443254913712296,0.0004590040075444933,-0.00019264583326165984
124,5,Novice,Geography Building,13.51525265811589,timeout,0,-0.0007703855169313643,-0.007885417087368955,0.033535142776394126,-0.0010787884594430056,-0.0026561015797789403,-0.0029657583924219298,0.0031335090541425065,-0.018443254913712296,0.0004590040075444933,-0.0001970817009806276
125,5,Expert,Honan Collegiate Chapel,7.165815590217231,timeout,0,-0.0007703855169313643,-0.007885417087368955,0.03319060205506445,-0.0010787884594430056,-0.002342094554759663,-0.0029657583924219298,0.0031335090541425065,-0.018443254913712296,0.0004590040075444933,-0.0001970817009806276
126,5,Expert,Student Centre,5.196795160740578,timeout,0,-0.0007703855169313643,-0.007885417087368955,0.03287285548467056,-0.0010787884594430056,-0.002342094554759663,-0.0029657583924219298,0.0031335090541425065,-0.018443254913712296,0.0007153832145575939,-0.0001970817009806276
127,5,Expert,Student Centre,4.882927337823973,in_time,1,-0.0007703855169313643,-0.007885417087368955,0.03324540707750873,-0.0010787884594430056,-0.002342094554759663,-0.0029657583924219298,0.0031335090541425065,-0.018443254913712296,0.00041424726251906776,-0.0001970817009806276
128,5,Expert,The Quad / Aula Maxima,6.735185777696701,timeout,0,-0.0007703855169313643,-0.007885417087368955,0.03294869735090812,-0.0010787884594430056,-0.002342094554759663,-0.0029657583924219298,0.003373762384561182,-0.018443254913712296,0.00041424726251906776,-0.0001970817009806276
129,5,Expert,Glucksman Gallery,4.212464509161096,in_time,1,-0.0007703855169313643,-0.007885417087368955,0.03728798498922566,-0.004719222404431511,-0.002342094554759663,-0.0029657583924219298,0.003373762384561182,-0.018443254913712296,0.00041424726251906776,-0.0001970817009806276
130,5,Average,Boole Library,5.263437489246588,timeout,0,-0.0007703855169313643,-0.007836015594335732,0.03728798498922566,-0.004719222404431511,-0.002342094554759663,-0.003004090671248538,0.003373762384561182,-0.018443254913712296,0.00041424726251906776,-0.0001970817009806276
131,5,Novice,Geography Building,18.281880653305535,timeout,0,-0.0007640552872179372,-0.007836015594335732,0.03728798498922566,-0.004719222404431511,-0.002342094554759663,-0.003004090671248538,0.003373762384561182,-0.018443254913712296,0.00041424726251906776,-0.00020147703029108264
132,5,Average,Brookfield Health Sciences Complex,7.47385468984056,timeout,0,-0.0007640552872179372,-0.00794330259562272,0.03728798498922566,-0.004719222404431511,-0.002342094554759663,-0.003004090671248538,0.003373762384561182,-0.018359834021877408,0.00041424726251906776,-0.00020147703029108264
133,5,Novice,Boole Library,9.556318879522378,timeout,0,-0.0007889523388572426,-0.00794330259562272,0.03728798498922566,-0.004719222404431511,-0.002342094554759663,-0.002986753736508141,0.003373762384561182,-0.018359834021877408,0.00041424726251906776,-0.00020147703029108264
134,5,Expert,Brookfield Health Sciences Complex,6.68407041106572,timeout,0,-0.0007889523388572426,-0.00794330259562272,0.03673046255726517,-0.004719222404431511,-0.002342094554759663,-0.002986753736508141,0.003373762384561182,-0.017917061529135393,0.00041424726251906776,-0.00020147703029108264
135,5,Expert,Brookfield Health Sciences Complex,6.341886014011257,timeout,0,-0.0007889523388572426,-0.00794330259562272,0.03617897389759804,-0.004719222404431511,-0.002342094554759663,-0.002986753736508141,0.003373762384561182,-0.017478260954725326,0.00041424726251906776,-0.00020147703029108264
136,5,Novice,The Quad / Aula Maxima,13.193774632133184,timeout,0,-0.0007424253832022999,-0.00794330259562272,0.03617897389759804,-0.004719222404431511,-0.002342094554759663,-0.002986753736508141,0.0033408943208273084,-0.017478260954725326,0.00041424726251906776,-0.00020147703029108264
137,5,Novice,Honan Collegiate Chapel,15.197506635614781,timeout,0,-0.0007603050156761036,-0.00794330259562272,0.03617897389759804,-0.004719222404431511,-0.0023284140531184766,-0.002986753736508141,0.0033408943208273084,-0.017478260954725326,0.00041424726251906776,-0.00020147703029108264
138,5,Average,Student Centre,8.777912236764042,timeout,0,-0.0007603050156761036,-0.007858160452918124,0.03617897389759804,-0.004719222404431511,-0.0023284140531184766,-0.002986753736508141,0.0033408943208273084,-0.017478260954725326,0.00034790951943021084,-0.00020147703029108264
139,5,Novice,Glucksman Gallery,15.876985059863959,timeout,0,-0.0008050489831510441,-0.007858160452918124,0.03617897389759804,-0.0046867263248275915,-0.0023284140531184766,-0.002986753736508141,0.0033408943208273084,-0.017478260954725326,0.00034790951943021084,-0.00020147703029108264
140,5,Novice,The Quad / Aula Maxima,18.540211751252986,timeout,0,-0.0007577161846346793,-0.007858160452918124,0.03617897389759804,-0.0046867263248275915,-0.0023284140531184766,-0.002986753736508141,0.0033079427466776857,-0.017478260954725326,0.00034790951943021084,-0.00020147703029108264
141,5,Average,Boole Library,11.402527018892517,timeout,0,-0.0007577161846346793,-0.0078081271256134,0.03617897389759804,-0.0046867263248275915,-0.0023284140531184766,-0.0030253697223893736,0.0033079427466776857,-0.017478260954725326,0.00034790951943021084,-0.00020147703029108264
142,5,Average,The Quad / Aula Maxima,3.833374953347019,in_time,1,-0.0007577161846346793,-0.0004675939252324875,0.03617897389759804,-0.0046867263248275915,-0.0023284140531184766,-0.0030253697223893736,-0.0024993004713835024,-0.017478260954725326,0.00034790951943021084,-0.00020147703029108264
143,5,Expert,Student Centre,5.8729515010717375,timeout,0,-0.0007577161846346793,-0.0004675939252324875,0.035814349376936366,-0.0046867263248275915,-0.0023284140531184766,-0.0030253697223893736,-0.0024993004713835024,-0.017478260954725326,0.0006352799195422754,-0.00020147703029108264
144,5,Novice,Student Centre,13.677575973013834,timeout,0,-0.0007416967311688348,-0.0004675939252324875,0.035814349376936366,-0.0046867263248275915,-0.0023284140531184766,-0.0030253697223893736,-0.0024993004713835024,-0.017478260954725326,0.0006242230141609589,-0.00020147703029108264
145,5,Novice,Glucksman Gallery,8.801543738077505,timeout,0,-0.0007872289005797677,-0.0004675939252324875,0.035814349376936366,-0.0046541387703665175,-0.0023284140531184766,-0.0030253697223893736,-0.0024993004713835024,-0.017478260954725326,0.0006242230141609589,-0.00020147703029108264
146,5,Novice,Brookfield Health Sciences Complex,11.779143834734885,timeout,0,-0.00098195399133454,-0.0004675939252324875,0.035814349376936366,-0.0046541387703665175,-0.0023284140531184766,-0.0030253697223893736,-0.0024993004713835024,-0.01734612607171316,0.0006242230141609589,-0.00020147703029108264
147,5,Expert,Boole Library,4.9267648483815725,in_time,1,-0.00098195399133454,-0.0004675939252324875,0.03586673164977926,-0.0046541387703665175,-0.0023284140531184766,-0.00306626512118753,-0.0024993004713835024,-0.01734612607171316,0.0006242230141609589,-0.00020147703029108264
148,5,Average,Glucksman Gallery,7.108867216391923,timeout,0,-0.00098195399133454,-0.0005109856675317155,0.03586673164977926,-0.00461859679049328,-0.0023284140531184766,-0.00306626512118753,-0.0024993004713835024,-0.01734612607171316,0.0006242230141609589,-0.00020147703029108264
149,5,Expert,Glucksman Gallery,8.247206775856114,timeout,0,-0.00098195399133454,-0.0005109856675317155,0.03545095901860025,-0.004271135686952204,-0.0023284140531184766,-0.00306626512118753,-0.0024993004713835024,-0.01734612607171316,0.0006242230141609589,-0.00020147703029108264
150,5,Average,Boole Library,5.109620540493112,timeout,0,-0.00098195399133454,-0.0005378160902685089,0.03545095901860025,-0.004271135686952204,-0.0023284140531184766,-0.0030456631894432065,-0.0024993004713835024,-0.01734612607171316,0.0006242230141609589,-0.00020147703029108264
151,5,Expert,Boole Library,4.654119029906943,in_time,1,-0.00098195399133454,-0.0005378160902685089,0.0372099874247316,-0.004271135686952204,-0.0023284140531184766,-0.004424361129383993,-0.0024993004713835024,-0.01734612607171316,0.0006242230141609589,-0.00020147703029108264
152,5,Average,Glucksman Gallery,6.542738797538337,timeout,0,-0.00098195399133454,-0.0005770547984342599,0.0372099874247316,-0.004238896946546448,-0.0023284140531184766,-0.004424361129383993,-0.0024993004713835024,-0.01734612607171316,0.0006242230141609589,-0.00020147703029108264
153,5,Average,Glucksman Gallery,10.42745291091226,timeout,0,-0.00098195399133454,-0.0006158092599042518,0.0372099874247316,-0.004207008432974683,-0.0023284140531184766,-0.004424361129383993,-0.0024993004713835024,-0.01734612607171316,0.0006242230141609589,-0.00020147703029108264
154,5,Average,Boole Library,11.812684057215428,timeout,0,-0.00098195399133454,-0.0006566718080820365,0.0372099874247316,-0.004207008432974683,-0.0023284140531184766,-0.004393138968786016,-0.0024993004713835024,-0.01734612607171316,0.0006242230141609589,-0.00020147703029108264
155,5,Novice,Boole Library,16.35774269150619,timeout,0,-0.0010216445191713972,-0.0006566718080820365,0.0372099874247316,-0.004207008432974683,-0.0023284140531184766,-0.004365280979686557,-0.0024993004713835024,-0.01734612607171316,0.0006242230141609589,-0.00020147703029108264
156,5,Average,Glucksman Gallery,11.281519103018258,timeout,0,-0.0010216445191713972,-0.0006948009120952092,0.0372099874247316,-0.00417586904831989,-0.0023284140531184766,-0.004365280979686557,-0.0024993004713835024,-0.01734612607171316,0.0006242230141609589,-0.00020147703029108264
157,5,Novice,Glucksman Gallery,11.498774210863731,timeout,0,-0.0010581152161326145,-0.0006948009120952092,0.0372099874247316,-0.004148269601970861,-0.0023284140531184766,-0.004365280979686557,-0.0024993004713835024,-0.01734612607171316,0.0006242230141609589,-0.00020147703029108264
158,5,Average,Glucksman Gallery,10.968448582384761,timeout,0,-0.0010581152161326145,-0.0007321055390044313,0.0372099874247316,-0.004117440223705477,-0.0023284140531184766,-0.004365280979686557,-0.0024993004713835024,-0.01734612607171316,0.0006242230141609589,-0.00020147703029108264
159,5,Novice,Honan Collegiate Chapel,11.930475732932996,timeout,0,-0.0010728295089925497,-0.0007321055390044313,0.0372099874247316,-0.004117440223705477,-0.0023175106562510427,-0.004365280979686557,-0.0024993004713835024,-0.01734612607171316,0.0006242230141609589,-0.00020147703029108264
160,5,Expert,The Quad / Aula Maxima,5.670534636878041,timeout,0,-0.0010728295089925497,-0.0007321055390044313,0.03679391091540976,-0.004117440223705477,-0.0023175106562510427,-0.004365280979686557,-0.0021725604690333504,-0.01734612607171316,0.0006242230141609589,-0.00020147703029108264
161,5,Novice,Geography Building,12.17166891837026,timeout,0,-0.00106263650184915,-0.0007321055390044313,0.03679391091540976,-0.004117440223705477,-0.0023175106562510427,-0.004365280979686557,-0.0021725604690333504,-0.01734612607171316,0.0006242230141609589,-0.00020815739828533217
162,5,Average,Boole Library,8.255942237410066,timeout,0,-0.00106263650184915,-0.0007719190513746474,0.03679391091540976,-0.004117440223705477,-0.0023175106562510427,-0.004335004544424035,-0.0021725604690333504,-0.01734612607171316,0.0006242230141609589,-0.00020815739828533217
163,5,Expert,Honan Collegiate Chapel,6.151890693770552,timeout,0,-0.00106263650184915,-0.0007719190513746474,0.036383690232116545,-0.004117440223705477,-0.0019732837670923854,-0.004335004544424035,-0.0021725604690333504,-0.01734612607171316,0.0006242230141609589,-0.00020815739828533217
164,5,Average,Brookfield Health Sciences Complex,8.31917553523151,timeout,0,-0.00106263650184915,-0.0009554405036058593,0.036383690232116545,-0.004117440223705477,-0.0019732837670923854,-0.004335004544424035,-0.0021725604690333504,-0.017212326329964157,0.0006242230141609589,-0.00020815739828533217
165,5,Average,Student Centre,10.45571743614721,timeout,0,-0.00106263650184915,-0.0009378173857708017,0.036383690232116545,-0.004117440223705477,-0.0019732837670923854,-0.004335004544424035,-0.0021725604690333504,-0.017212326329964157,0.0006114869794230181,-0.00020815739828533217
166,5,Expert,Brookfield Health Sciences Complex,6.609898497591377,timeout,0,-0.00106263650184915,-0.0009378173857708017,0.03581322520880772,-0.004117440223705477,-0.0019732837670923854,-0.004335004544424035,-0.0021725604690333504,-0.016772476585964785,0.0006114869794230181,-0.00020815739828533217
167,5,Average,Geography Building,5.204784501078956,timeout,0,-0.00106263650184915,-0.0009295935113461862,0.03581322520880772,-0.004117440223705477,-0.0019732837670923854,-0.004335004544424035,-0.0021725604690333504,-0.016772476585964785,0.0006114869794230181,-0.00021385026514673418
168,5,Novice,Brookfield Health Sciences Complex,16.668732177970508,timeout,0,-0.001245424029568163,-0.0009295935113461862,0.03581322520880772,-0.004117440223705477,-0.0019732837670923854,-0.004335004544424035,-0.0021725604690333504,-0.016644181669463704,0.0006114869794230181,-0.00021385026514673418
169,5,Average,Glucksman Gallery,10.100367043939382,timeout,0,-0.001245424029568163,-0.0009653239355785058,0.03581322520880772,-0.004088882449690798,-0.0019732837670923854,-0.004335004544424035,-0.0021725604690333504,-0.016644181669463704,0.0006114869794230181,-0.00021385026514673418
170,5,Average,Glucksman Gallery,5.80479314424451,timeout,0,-0.001245424029568163,-0.001000561557325377,0.03581322520880772,-0.004060672830065186,-0.0019732837670923854,-0.004335004544424035,-0.0021725604690333504,-0.016644181669463704,0.0006114869794230181,-0.00021385026514673418
171,5,Average,Honan Collegiate Chapel,3.7922884763691345,in_time,1,-0.001245424029568163,0.007246081007738461,0.03581322520880772,-0.004060672830065186,-0.008320334077680827,-0.004335004544424035,-0.0021725604690333504,-0.016644181669463704,0.0006114869794230181,-0.00021385026514673418
172,5,Expert,Boole Library,6.04016600140037,timeout,0,-0.001245424029568163,0.007246081007738461,0.03538376893927663,-0.004060672830065186,-0.008320334077680827,-0.003995872086206205,-0.0021725604690333504,-0.016644181669463704,0.0006114869794230181,-0.00021385026514673418
173,5,Average,Student Centre,7.1480351488927365,timeout,0,-0.001245424029568163,0.007169368739440101,0.03538376893927663,-0.004060672830065186,-0.008320334077680827,-0.003995872086206205,-0.0021725604690333504,-0.016644181669463704,0.0006651855672318702,-0.00021385026514673418
174,5,Novice,Honan Collegiate Chapel,4.146687328763374,in_time,1,0.0045873697452067635,0.007169368739440101,0.03538376893927663,-0.004060672830065186,-0.012780396405010974,-0.003995872086206205,-0.0021725604690333504,-0.016644181669463704,0.0006651855672318702,-0.00021385026514673418
175,5,Average,Glucksman Gallery,12.81576327790761,timeout,0,0.0045873697452067635,0.007039990389959404,0.03538376893927663,-0.0039586674767675654,-0.012780396405010974,-0.003995872086206205,-0.0021725604690333504,-0.016644181669463704,0.0006651855672318702,-0.00021385026514673418
176,5,Expert,Brookfield Health Sciences Complex,3.973333862679556,in_time,1,0.0045873697452067635,0.007039990389959404,0.041470065174848976,-0.0039586674767675654,-0.012780396405010974,-0.003995872086206205,-0.0021725604690333504,-0.0213557739290477,0.0006651855672318702,-0.00021385026514673418
177,5,Novice,Glucksman Gallery,10.604901512920994,timeout,0,0.004489001774890996,0.007039990389959404,0.041470065174848976,-0.0038803291836654163,-0.012780396405010974,-0.003995872086206205,-0.0021725604690333504,-0.0213557739290477,0.0006651855672318702,-0.00021385026514673418
178,5,Expert,Glucksman Gallery,4.625216479780534,in_time,1,0.004489001774890996,0.007039990389959404,0.043399968971508496,-0.005557774634831688,-0.012780396405010974,-0.003995872086206205,-0.0021725604690333504,-0.0213557739290477,0.0006651855672318702,-0.00021385026514673418
179,5,Average,Geography Building,8.817225518621287,timeout,0,0.004489001774890996,0.0069552869852922816,0.043399968971508496,-0.005557774634831688,-0.012780396405010974,-0.003995872086206205,-0.0021725604690333504,-0.0213557739290477,0.0006651855672318702,-0.0001570287126849359
180,5,Novice,Student Centre,11.218597786950582,timeout,0,0.004444510123531608,0.0069552869852922816,0.043399968971508496,-0.005557774634831688,-0.012780396405010974,-0.003995872086206205,-0.0021725604690333504,-0.0213557739290477,0.000696413369081253,-0.0001570287126849359
181,5,Novice,Geography Building,5.870963979581336,timeout,0,0.004390825579634361,0.0069552869852922816,0.043399968971508496,-0.005557774634831688,-0.012780396405010974,-0.003995872086206205,-0.0021725604690333504,-0.0213557739290477,0.000696413369081253,-0.00012059991504037495
182,5,Average,Student Centre,12.268184135817457,timeout,0,0.004390825579634361,0.006882527769567377,0.043399968971508496,-0.005557774634831688,-0.012780396405010974,-0.003995872086206205,-0.0021725604690333504,-0.0213557739290477,0.0007480489415311849,-0.00012059991504037495
183,5,Average,Geography Building,10.522114766724426,timeout,0,0.004390825579634361,0.006800897829385258,0.043399968971508496,-0.005557774634831688,-0.012780396405010974,-0.003995872086206205,-0.0021725604690333504,-0.0213557739290477,0.0007480489415311849,-6.457507673843794e-05
184,5,Average,Glucksman Gallery,10.132582323302541,timeout,0,0.004390825579634361,0.006658903278064045,0.043399968971508496,-0.005442428199669579,-0.012780396405010974,-0.003995872086206205,-0.0021725604690333504,-0.0213557739290477,0.0007480489415311849,-6.457507673843794e-05
185,5,Average,Boole Library,11.198359343497717,timeout,0,0.004390825579634361,0.006535264424663937,0.043399968971508496,-0.005442428199669579,-0.012780396405010974,-0.003906195072249932,-0.0021725604690333504,-0.0213557739290477,0.0007480489415311849,-6.457507673843794e-05
186,5,Average,Geography Building,8.299355574939485,timeout,0,0.004390825579634361,0.006458404017027504,0.043399968971508496,-0.005442428199669579,-0.012780396405010974,-0.003906195072249932,-0.0021725604690333504,-0.0213557739290477,0.0007480489415311849,-1.1226529040878058e-05
187,5,Expert,The Quad / Aula Maxima,4.635937237720334,in_time,1,0.004390825579634361,0.006458404017027504,0.04529615254079866,-0.005442428199669579,-0.012780396405010974,-0.003906195072249932,-0.003598749820294329,-0.0213557739290477,0.0007480489415311849,-1.1226529040878058e-05
188,5,Average,Glucksman Gallery,10.593654094976545,timeout,0,0.004390825579634361,0.006321793670416485,0.04529615254079866,-0.005330363087749107,-0.012780396405010974,-0.003906195072249932,-0.003598749820294329,-0.0213557739290477,0.0007480489415311849,-1.1226529040878058e-05
189,5,Novice,Boole Library,13.07899714179952,timeout,0,0.004294632437931273,0.006321793670416485,0.04529615254079866,-0.005330363087749107,-0.012780396405010974,-0.0038356707203813616,-0.003598749820294329,-0.0213557739290477,0.0007480489415311849,-1.1226529040878058e-05
190,5,Novice,Geography Building,10.053638016614993,timeout,0,0.0042445320367185055,0.006321793670416485,0.04529615254079866,-0.005330363087749107,-0.012780396405010974,-0.0038356707203813616,-0.003598749820294329,-0.0213557739290477,0.0007480489415311849,2.3937942356444842e-05
191,5,Novice,Boole Library,13.01531328024971,timeout,0,0.004150936762160571,0.006321793670416485,0.04529615254079866,-0.005330363087749107,-0.012780396405010974,-0.0037663159485866334,-0.003598749820294329,-0.0213557739290477,0.0007480489415311849,2.3937942356444842e-05
192,5,Average,The Quad / Aula Maxima,7.643033119595268,timeout,0,0.004150936762160571,0.006206468109005357,0.04529615254079866,-0.005330363087749107,-0.012780396405010974,-0.0037663159485866334,-0.003516905873486432,-0.0213557739290477,0.0007480489415311849,2.3937942356444842e-05
193,5,Average,Honan Collegiate Chapel,6.414206768138532,timeout,0,0.004150936762160571,0.00598733331423789,0.04529615254079866,-0.005330363087749107,-0.012611100931797119,-0.0037663159485866334,-0.003516905873486432,-0.0213557739290477,0.0007480489415311849,2.3937942356444842e-05
194,5,Expert,Geography Building,5.733522602699967,timeout,0,0.004150936762160571,0.00598733331423789,0.044796340127423895,-0.005330363087749107,-0.012611100931797119,-0.0037663159485866334,-0.003516905873486432,-0.0213557739290477,0.0007480489415311849,0.00040068333696629274
195,5,Expert,Glucksman Gallery,7.729035250997028,timeout,0,0.004150936762160571,0.00598733331423789,0.04424660493239811,-0.0048511067638804745,-0.012611100931797119,-0.0037663159485866334,-0.003516905873486432,-0.0213557739290477,0.0007480489415311849,0.00040068333696629274
196,5,Average,Glucksman Gallery,13.144006381103365,timeout,0,0.004150936762160571,0.005863143827583998,0.04424660493239811,-0.004747239193224492,-0.012611100931797119,-0.0037663159485866334,-0.003516905873486432,-0.0213557739290477,0.0007480489415311849,0.00040068333696629274
197,5,Expert,Boole Library,7.112758050810976,timeout,0,0.004150936762160571,0.005863143827583998,0.043711043084991894,-0.004747239193224492,-0.012611100931797119,-0.0033477676140590863,-0.003516905873486432,-0.0213557739290477,0.0007480489415311849,0.00040068333696629274
198,5,Expert,Boole Library,1.7696287434542954,in_time,0,0.004150936762160571,0.005863143827583998,0.021418063514269912,-0.004747239193224492,-0.012611100931797119,0.014106105073964443,-0.003516905873486432,-0.0213557739290477,0.0007480489415311849,0.00040068333696629274
199,5,Expert,Student Centre,8.013798160276,timeout,0,0.004150936762160571,0.005863143827583998,0.02118316410178772,-0.004747239193224492,-0.012611100931797119,0.014106105073964443,-0.003516905873486432,-0.0213557739290477,0.000920940076474539,0.00040068333696629274
200,5,Novice,Honan Collegiate Chapel,14.732865369889177,timeout,0,0.003957653135379352,0.005863143827583998,0.02118316410178772,-0.004747239193224492,-0.012460245418211778,0.014106105073964443,-0.003516905873486432,-0.0213557739290477,0.000920940076474539,0.00040068333696629274
